a01,a02,a03,a04,a05,a06,a07,a08,a09,a10,a11,a12,a13,a14,a15,a16,a17,a18,a19,a20,a21,a22,a23,a24,a25,a26,a27,a28,a29,a30,a31,a32,a33,a34
1,0,2.0,1.2416800000000001,2.0,1.4859,2.0,1.72973,2.0,2.0,2.0,2.0,2.0,2.0,2.0,1.77128,2.0,2.0,2.0,2.0,1.74468,2.0,1.8964699999999999,2.0,1.64628,2.0,1.38255,2.0,1.10819,2.0,0.8263,2.0,0.18616999999999995,2.0
1,0,1.88305,0.7800400000000001,2.0,1.3637299999999999,1.82403,1.1920600000000001,1.85086,1.05901,1.90558,0.95708,1.8519299999999999,1.25,1.7789700000000002,1.25322,1.6920600000000001,1.5794000000000001,1.7103000000000002,1.39056,1.73176,1.27575,2.0,1.34871,1.5676,1.52039,1.69811,1.53235,1.80901,1.5858400000000001,1.43026,1.70923,1.5236100000000001,1.5418500000000002
1,0,1.9964499999999998,1.06468,2.0,0.98764,1.97811,1.02498,1.96112,1.02312,1.99274,1.07808,1.89323,1.10346,1.94212,1.05269,1.88809,1.1112,1.86104,1.08631,1.81633,1.1183,1.8366799999999999,1.14442,1.8132899999999998,1.13412,1.7947600000000001,1.13638,1.7911000000000001,1.15379,1.77122,1.1593,1.70941,1.12015
1,0,2.0,1.28046,2.0,1.02477,2.0,1.07764,2.0,1.04317,1.9876200000000002,1.33266,2.0,1.05489,2.0,1.04384,1.9575,0.75402,1.84371,0.91332,2.0,1.0415,1.99933,1.27376,2.0,0.60944,1.96414,0.97826,1.86747,1.2336,1.94578,0.77979,1.80355,0.92671
1,0,1.87111,1.04326,1.7994599999999998,1.18297,1.99009,1.29292,1.89455,0.9166300000000001,1.88598,0.97972,1.90446,0.7327600000000001,1.8941,1.19964,1.88644,0.95358,1.8445200000000002,0.99009,1.97882,0.65976,1.7895400000000001,0.74899,1.86661,0.90807,1.85967,0.97092,1.7877399999999999,0.95899,1.75935,1.21812,1.88238,1.09193
0,0,1.0,1.0,1.0,1.0,2.0,0.0,1.0,1.0,0.0,0.0,1.0,1.0,1.0,1.0,2.0,2.0,0.0,0.0,1.0,1.0,1.0,1.0,2.0,2.0,2.0,2.0,1.0,1.0,2.0,2.0,1.0,1.0
1,0,1.65909,0.37121000000000004,1.0,1.0,1.0,1.0,1.7727300000000001,2.0,2.0,0.7197,1.0,1.0,1.0,1.0,1.62121,0.77273,1.84091,0.0,2.0,0.0,1.0,1.0,1.0,1.0,2.0,0.06061000000000005,0.87121,0.06818000000000002,1.0,1.0,1.0,1.0
1,0,1.0,1.0,1.0,1.0,1.0,1.0,0.15000000000000002,0.0,1.0,1.0,2.0,0.0,1.0,1.0,0.0,0.0,0.0,0.0,2.0,0.0,0.4,0.0,2.0,2.0,0.0,0.8,2.0,0.0,1.0,2.0,1.0,1.0
1,0,1.92436,1.36924,1.71976,1.6842000000000001,1.29303,1.94078,0.88892,1.7652700000000001,0.6839500000000001,1.9245299999999999,0.33384,1.78766,0.07855000000000001,1.42314,0.056849999999999956,1.09585,0.0,1.03191,0.33569000000000004,0.33721999999999996,0.5399,0.21826,0.86514,0.11917999999999995,1.1976499999999999,0.14863000000000004,1.48904,0.29752999999999996,1.69886,0.53952,1.7606600000000001,0.86806
1,0,1.51207,2.0,2.0,1.5381,1.71178,1.80833,1.45622,1.46427,1.33081,2.0,1.21249,2.0,0.82584,2.0,0.66919,1.98722,0.38617999999999997,2.0,0.47326,1.71699,0.11499999999999999,1.47894,0.0,1.35175,0.0,1.09569,0.0,0.83287,0.0,0.5777399999999999,0.08096999999999999,0.34443
1,0,1.26667,0.9,1.5333299999999999,1.0,1.3333300000000001,0.86667,1.36667,1.11667,1.56667,1.01667,1.7166700000000001,1.08333,1.7,0.93333,1.5333299999999999,1.2,1.4166699999999999,0.98333,1.31667,1.2,1.7,1.0,1.25,1.13333,1.46214,1.05439,1.4,1.03333,1.46667,1.03333,1.4166699999999999,0.95
1,0,1.94653,1.2871299999999999,1.72554,1.67248,1.47564,1.82455,1.01267,1.8910900000000002,0.75129,1.84475,0.52356,1.56079,0.24119000000000002,1.41743,0.33545,1.07208,0.34574000000000005,0.80475,0.47524999999999995,0.56,0.6914899999999999,0.44911,0.95881,0.35207999999999995,1.16085,0.43579999999999997,1.36752,0.58099,1.46059,0.7746500000000001,1.50376,0.9402
1,0,2.0,1.01709,1.9621499999999998,0.96858,2.0,0.96564,2.0,0.94929,1.9902600000000001,0.92908,1.99173,0.90998,2.0,0.84273,2.0,0.85743,1.9830999999999999,0.88187,2.0,0.81481,2.0,0.80728,1.98971,0.77917,1.9649,0.79757,1.94599,0.82877,1.96436,0.77439,1.87011,0.7670399999999999
1,0,2.0,1.09802,2.0,1.25101,1.9839,1.33044,1.80365,1.5302,1.74977,1.60297,1.5693700000000002,1.71942,1.55311,1.74079,1.29452,1.82193,1.21137,1.7977699999999999,1.09709,1.82162,0.98266,1.7987,0.84856,1.75596,0.77161,1.69187,0.68287,1.60948,0.59709,1.54522,0.57185,1.44534
1,0,2.0,1.09771,2.0,1.12197,2.0,1.22574,1.98602,1.09237,1.9493,1.19211,1.92992,1.24288,1.89241,1.28343,1.85529,1.26721,1.83656,1.33129,1.83393,1.31698,1.74829,1.39597,1.76193,1.3465799999999999,1.68452,1.42746,1.62764,1.46031,1.56791,1.4703300000000001,1.5425200000000001,1.50903
1,0,1.95113,1.00419,1.95183,0.97277,1.93438,0.9808,1.9459,1.01606,1.9651,1.03281,1.94171,1.0733,1.94625,0.98674,1.97173,1.0014,1.94834,1.06038,1.9266999999999999,1.08412,1.9312399999999998,1.10087,1.9452,1.01361,1.9352200000000002,1.04925,1.93159,1.08168,1.94066,0.99965,1.91483,1.04712
0,0,1.0,1.0,1.0,1.0,1.0,1.0,1.0,1.0,1.0,1.0,1.0,1.0,1.0,1.0,1.0,1.0,1.0,1.0,1.0,1.0,1.0,1.0,1.0,1.0,2.0,0.0,1.0,1.0,1.0,1.0,1.0,1.0
1,0,1.0,1.0,1.0,1.0,2.0,2.0,0.0,0.0,1.0,1.0,2.0,0.88889,1.0,1.0,1.0,1.0,0.0,2.0,2.0,2.0,2.0,0.0,1.0,1.0,2.0,0.0,1.0,1.0,1.0,1.0,2.0,2.0
0,0,0.0,0.0,2.0,0.0,0.0,2.0,1.0,1.0,2.0,0.0,2.0,0.0,1.0,1.0,1.0,1.0,1.0,1.0,0.0,2.0,2.0,0.0,0.0,2.0,2.0,2.0,1.0,1.0,2.0,1.5,1.0,1.0
1,0,1.8808500000000001,1.35232,1.6838899999999999,1.6512799999999999,1.34816,1.7978399999999999,1.05832,1.90842,0.70216,1.8649,0.37365000000000004,1.6959,0.22894000000000003,1.39309,0.14197000000000004,1.08408,0.18359000000000003,0.75983,0.35421,0.49978,0.60234,0.31662999999999997,0.88853,0.24467000000000005,1.17041,0.28496,1.40675,0.42351000000000005,1.56626,0.63235,1.62765,0.86695
0,0,1.0,1.0,0.0,0.0,2.0,2.0,0.0,2.0,0.0,2.0,2.0,0.0,2.0,2.0,0.0,0.0,0.0,2.0,2.0,0.0,0.0,2.0,0.0,2.0,2.0,0.0,0.0,2.0,0.0,0.0,2.0,0.0
1,0,1.94531,0.96484,0.0,0.66797,0.0,0.98437,1.9726599999999999,1.01172,1.9335900000000001,0.98047,0.0,1.16406,0.0,0.99609,1.95313,0.96484,1.92188,0.97266,0.007809999999999984,1.11719,0.06640999999999997,1.34766,1.95703,0.99609,1.8204099999999999,1.13758,1.9023400000000001,0.93359,0.0,0.8125,0.0,0.65625
1,0,2.0,0.93818,2.0,1.02942,2.0,0.94869,2.0,0.98293,2.0,0.88274,1.84493,0.94798,1.93392,0.93402,1.6917,0.92621,1.6573099999999998,0.79633,1.9491,0.68442,1.8085200000000001,0.68346,1.84932,0.65162,1.72529,0.70826,1.73094,0.61424,1.54356,0.73716,1.64207,0.60513
1,0,2.0,1.01105,2.0,1.01105,2.0,1.0232,1.99448,0.98564,1.99448,0.99779,1.98343,1.0232,2.0,1.00884,1.97569,1.00773,1.9790100000000002,1.01657,1.98011,1.00663,1.98122,1.02099,1.97127,0.99337,1.98033,1.016,1.9790100000000002,1.01547,1.98564,1.02099,1.98674,1.02762
1,0,1.7470400000000001,0.86759,1.53755,1.16996,1.7272699999999999,1.09486,1.69565,0.88933,1.66798,0.76482,1.8794499999999998,0.8083,1.73715,1.0415,1.63043,0.99605,1.63636,0.88142,1.79249,0.7470399999999999,1.66403,0.7134400000000001,1.67194,0.89526,1.6184699999999999,0.87959,1.60079,0.79051,1.37549,1.06917,1.61067,0.98617
0,0,2.0,0.0,2.0,2.0,2.0,0.0,2.0,2.0,2.0,0.0,2.0,2.0,2.0,0.0,2.0,0.0,2.0,2.0,2.0,2.0,2.0,0.0,2.0,0.0,2.0,0.0,2.0,2.0,2.0,0.0,2.0,2.0
1,0,1.61857,1.1085,1.70694,0.93065,1.70358,1.01678,1.74273,1.00224,1.71029,1.15772,1.7158799999999998,0.99776,1.7975400000000001,1.066,1.83669,0.83445,1.6867999999999999,0.9094,1.62528,0.98658,1.60962,1.11745,1.71253,0.90492,1.69845,0.98327,1.6331099999999998,1.0481,1.7885900000000001,0.94855,1.65213,0.95302
1,0,1.83508,1.08298,1.73739,0.85294,1.84349,0.94433,1.90441,0.95378,1.89391,1.1313,1.81197,1.06723,1.7930700000000002,0.91071,2.0,0.97899,1.96639,1.06618,1.87605,1.01155,1.77521,1.06618,1.95378,0.95798,1.83479,1.00123,2.0,1.12815,1.8666,0.89286,1.9054600000000002,0.9569300000000001
1,0,2.0,1.23058,2.0,0.21491000000000005,2.0,0.89599,2.0,1.15414,2.0,1.2782,1.9811999999999999,0.9313899999999999,2.0,1.0661,1.9580199999999999,0.81046,1.8358400000000001,0.84367,1.974,1.03728,1.99624,1.09242,2.0,0.98747,1.96238,0.95403,1.9116499999999998,1.03885,2.0,0.86278,1.96523,0.88283
1,0,2.0,2.0,2.0,0.0,1.0,1.0,1.0,1.0,2.0,2.0,2.0,0.0,2.0,2.0,2.0,0.0,1.0,1.0,1.0,1.0,2.0,0.72222,1.0,1.0,2.0,0.0,2.0,2.0,2.0,0.0,1.0,1.0
1,0,1.61538,1.18923,1.7815699999999999,1.0178,1.7748599999999999,1.02647,1.65077,0.8969199999999999,1.77538,1.08,1.7396099999999999,1.0506,1.72322,1.05776,1.68615,0.91077,1.61692,1.16308,1.6623299999999999,1.07573,1.6387800000000001,1.08041,1.60154,0.92769,1.58803,1.08767,1.55077,1.25692,1.53389,1.09207,1.50609,1.09322
1,0,1.8811,1.0,1.94817,0.97256,1.93598,0.9878,1.90244,1.01829,1.90244,1.01829,1.93902,1.00915,1.95732,1.00305,2.0,1.02744,1.94207,0.9878,1.90854,1.02439,1.91463,1.05488,1.99695,1.04878,1.89666,1.02226,1.90854,1.00915,2.0,1.05488,1.97561,0.9878
1,0,2.0,0.98658,2.0,1.01566,2.0,0.99776,2.0,1.06264,1.97763,1.04474,1.95973,1.02908,2.0,1.06488,1.98881,1.03356,2.0,1.03579,1.99776,1.09396,1.95749,1.07383,2.0,1.10067,1.99989,1.08763,1.99105,1.08501,2.0,1.10067,2.0,1.10067
0,0,2.0,0.0,1.0,1.0,1.0,1.0,2.0,2.0,2.0,0.0,0.28125,2.0,1.0,1.0,0.0,2.0,2.0,2.0,0.0,2.0,2.0,1.5625,0.0,2.0,2.0,2.0,2.0,0.0,2.0,2.0,2.0,2.0
1,0,2.0,0.6216200000000001,1.64865,1.2973,1.64865,0.75676,1.86486,1.18919,2.0,0.72973,1.5135100000000001,1.0,1.62162,0.94595,1.32432,0.78378,1.71833,0.82334,1.62162,1.05405,1.7567599999999999,1.13514,1.35135,0.7027,1.6103100000000001,0.77837,1.5847799999999999,0.76973,1.72973,0.40541000000000005,1.5135100000000001,0.75676
0,0,2.0,2.0,2.0,0.0,2.0,2.0,0.0,2.0,1.0,1.0,2.0,2.0,1.0,1.0,1.0,1.0,0.0,2.0,0.0,2.0,2.0,2.0,2.0,0.0,2.0,2.0,2.0,2.0,2.0,0.0,0.0,2.0
1,0,2.0,0.85246,2.0,1.04918,1.5737700000000001,0.98361,1.65574,1.01639,1.85246,0.96721,1.72131,1.0,1.68852,0.83607,1.19672,0.85246,1.65558,0.82824,1.6721300000000001,1.03279,2.0,0.70492,1.31148,0.65574,1.52385,0.7967500000000001,1.3278699999999999,0.96721,1.27869,0.55738,1.4918,0.93443
1,0,1.67065,1.02528,1.6662599999999999,1.05031,1.5719699999999999,1.18761,1.08776,1.34081,1.6362100000000002,1.12131,1.62099,1.14285,1.78637,1.10976,1.58373,1.18151,1.14395,1.41224,1.53888,1.21326,1.5142,1.22625,1.48838,1.23724,1.46167,1.24618,1.43433,1.25306,1.40663,1.25792,2.0,1.33036
1,0,1.9746700000000001,1.13082,1.9412,1.20036,1.8878300000000001,1.32248,1.89009,1.32711,1.8555000000000001,1.45217,1.72298,1.52284,1.69946,1.5882,1.58548,1.66893,1.48869,1.70398,1.44245,1.68159,1.35289,1.75622,1.2683200000000001,1.7621,1.1681300000000001,1.7854100000000002,1.07497,1.8043900000000002,0.97038,1.77702,0.89711,1.74242
1,0,1.28409,0.68182,1.0,1.0,1.68182,0.0,1.30682,1.9583300000000001,1.64394,1.06439,1.34848,0.15152,1.0,1.0,1.59091,0.64015,1.45076,0.19318000000000002,1.0,1.0,1.0,1.0,1.24242,1.17803,2.0,0.76136,1.06061,0.51515,1.16288,0.29923999999999995,1.0,1.0
1,0,1.47938,0.87629,1.42784,0.87629,1.70103,0.60825,1.73196,1.07216,1.26289,0.78351,1.49485,1.15979,1.45361,0.88144,1.42268,1.06186,1.5,0.7268,1.5463900000000002,1.18557,1.42268,1.08247,1.7061899999999999,1.19588,1.53396,0.87553,1.15464,0.7371099999999999,1.47423,1.04124,1.45361,0.48453999999999997
1,0,2.0,0.0,2.0,2.0,2.0,0.0,2.0,0.0,2.0,0.0,2.0,0.9816,2.0,0.0,2.0,2.0,2.0,0.14417000000000002,2.0,2.0,2.0,0.0,1.0,1.0,2.0,2.0,2.0,0.20859000000000005,2.0,2.0,2.0,2.0
1,0,1.32834,1.0252,1.15236,1.21278,1.14919,1.74003,0.7429399999999999,1.9232399999999998,0.89688,1.1938,0.38648000000000005,1.25786,0.05947000000000002,0.94591,0.86883,0.85671,0.69685,0.55385,0.88591,0.14403,1.02668,0.77214,1.27942,0.9370499999999999,1.33737,0.88124,1.27657,0.88591,1.15078,1.13296,1.12197,1.20468
1,0,1.85271,1.05426,2.0,1.08069,2.0,2.0,1.91473,0.99225,1.83721,1.03876,2.0,1.27153,2.0,2.0,1.81395,1.04651,1.90698,1.11628,2.0,1.5067,2.0,0.0,1.8062,1.03876,2.0,1.7161300000000002,1.84496,1.06977,2.0,1.87317,2.0,2.0
1,0,2.0,2.0,0.0,2.0,0.0,0.17544000000000004,1.34649,1.2105299999999999,1.4605299999999999,1.07018,1.22807,1.05702,1.35088,1.34649,1.72807,0.96053,1.22807,1.5307,1.0,1.0,0.70175,0.83772,2.0,0.33333,2.0,0.0,2.0,0.75439,1.35088,1.20175,1.8289499999999999,1.07895
1,0,1.97513,1.0071,1.9857900000000002,1.01954,2.0,1.01954,1.9929000000000001,1.01599,1.95737,1.02309,1.9715799999999999,1.03552,2.0,1.0373,1.9786899999999998,1.02131,1.9857900000000002,1.05684,1.9715799999999999,1.04796,1.94494,1.05506,1.98401,1.03552,1.9754,1.06477,1.94849,1.08171,1.99112,1.06217,1.9893399999999999,1.09947
1,0,2.0,1.51515,1.45455,1.3333300000000001,1.06061,1.36364,0.67896,1.73062,0.54545,1.48485,0.42423999999999995,1.0,0.42423999999999995,0.87879,0.66667,0.51515,0.90909,0.15152,1.48485,0.42423999999999995,1.57576,0.57576,2.0,0.60606,1.72961,1.12331,1.9697,1.57576,1.24242,1.36364,1.09091,1.3333300000000001
1,0,1.91767,1.18198,1.8609,1.3554300000000001,1.72873,1.45747,1.60425,1.69865,1.50376,1.74922,1.361,1.81795,1.15664,1.83558,1.00396,1.8521,0.8361000000000001,1.77853,0.6400399999999999,1.76193,0.56913,1.65385,0.4686,1.5388600000000001,0.39671999999999996,1.40972,0.35489000000000004,1.27338,0.3429,1.13667,0.35944,1.05394
1,0,1.85209,1.39252,1.38887,1.76432,1.08858,1.98903,0.57375,1.88744,0.23770999999999998,1.4998,0.06908000000000003,1.10768,0.14100000000000001,0.68956,0.3397,0.44738,0.8074,0.13937,1.28444,0.19504,1.64649,0.6476999999999999,1.77814,0.76676,1.71698,1.21343,1.3783,1.5831,1.1966700000000001,1.66315,0.88785,1.64933
1,0,1.17188,0.0,0.0,2.0,1.0,1.0,1.0,1.0,0.0,2.0,1.0,1.0,0.38646,0.32292,1.80521,1.3614600000000001,1.51979,1.14375,1.0,1.0,0.0,0.72917,0.15208,1.9625,2.0,2.0,0.0,1.6770800000000001,1.0,1.0,1.0,1.0
1,0,2.0,0.98919,2.0,0.97297,2.0,0.93514,1.9513500000000001,0.98378,1.98919,0.96757,1.98919,1.08649,2.0,0.93514,1.9513500000000001,1.09189,1.97838,0.99459,2.0,1.06486,2.0,1.04324,1.97838,1.09189,1.98556,1.01251,2.0,0.96757,2.0,1.0270299999999999,2.0,0.92973
1,0,1.87578,1.03727,1.89951,1.00343,1.8921000000000001,1.0051,1.86335,1.0,1.95031,1.07453,1.8702100000000002,1.00994,1.86303,1.01151,1.8385099999999999,0.93789,1.85714,1.02484,1.84182,1.01603,1.83486,1.01749,1.7950300000000001,0.95652,1.82111,1.02033,1.81988,1.08696,1.8075700000000001,1.02308,1.80088,1.02441
1,0,1.86284,1.1931,1.8092000000000001,1.4114900000000001,1.67203,1.55785,1.54559,1.69962,1.3670499999999999,1.8153299999999999,1.19617,1.85671,0.95939,1.86284,0.82759,1.75785,0.659,1.65747,0.5180100000000001,1.5609199999999999,0.39770000000000005,1.4099599999999999,0.40766,1.25747,0.36961999999999995,1.08818,0.42759,0.92184,0.45133999999999996,0.80077,0.57088,0.6804600000000001
1,0,1.25,1.16667,1.46667,1.26667,1.19036,1.23966,1.07766,1.19939,1.0107,1.14922,0.97633,1.10188,0.96315,1.06317,0.96234,1.03458,0.9677,1.01532,0.97526,1.00357,0.98274,0.99727,0.98903,0.99461,0.99379,0.99414,0.99706,0.9948,0.99911,0.99592,1.00025,0.99709
1,0,1.50932,0.06003999999999998,2.0,1.26708,0.9648,0.0,2.0,0.0,1.43685,0.0,1.0,1.0,0.0,0.65735,0.62319,1.03623,2.0,0.0,1.0,1.0,1.0,1.0,0.8374699999999999,1.9223599999999998,1.39752,1.26501,1.0,1.0,2.0,1.23188,1.0,1.0
0,0,2.0,0.0,0.0,2.0,0.0,2.0,2.0,2.0,2.0,2.0,0.0,0.0,0.0,0.0,2.0,2.0,2.0,0.0,0.0,0.0,0.0,0.0,2.0,1.0,2.0,0.0,2.0,0.0,0.0,2.0,0.0,2.0
1,0,1.97588,0.89398,1.94601,0.792,1.9280599999999999,0.7165,1.85996,0.72658,1.79766,0.52071,1.78225,0.49236,1.74628,0.38564,1.57945,0.31914,1.37852,0.26359,1.36324,0.23438000000000003,1.31898,0.20247000000000004,1.2279200000000001,0.18366000000000005,1.13659,0.17490000000000006,1.04606,0.17605000000000004,0.95738,0.18681999999999999,0.86168,0.19025000000000003
1,0,1.88179,1.43491,1.59573,1.7765499999999999,1.19672,1.94537,0.75897,1.92544,0.37473999999999996,1.71257,0.13556999999999997,1.33652,0.07616,0.94662,0.22643999999999997,0.5529299999999999,0.5305,0.26715,0.89763,0.17783000000000004,1.26384,0.22430000000000005,1.55984,0.44089999999999996,1.72147,0.7556700000000001,1.72478,1.09599,1.5813700000000002,1.3891499999999999,1.34749,1.57656
1,0,1.94649,1.00892,1.97287,0.9974,1.98922,1.00372,1.95801,1.01598,1.94054,1.0352999999999999,1.97213,1.04719,1.98625,1.01858,1.9427699999999999,1.07135,1.98551,0.99294,1.9777,1.0498,1.9635799999999999,1.07098,1.93274,1.08101,1.95243,1.04356,1.97473,1.00818,1.97845,1.07061,2.0,0.9974
1,0,2.0,1.0665499999999999,2.0,0.81612,2.0,0.7268,2.0,0.5689299999999999,2.0,0.58651,1.96232,0.48126,1.9071099999999999,0.40983,1.8923,0.33526,1.69876,0.29003,1.70645,0.2368,1.6308099999999999,0.19455999999999996,1.55867,0.10872000000000004,1.47211,0.135,1.40303,0.16325,1.30996,0.10907,1.22995,0.10841999999999996
1,0,1.08696,1.00686,1.13959,0.95881,1.10526,0.91762,1.12586,0.93822,1.2334100000000001,0.98856,1.12357,1.0778,1.14645,0.86499,1.29062,0.95195,1.18993,1.07323,1.1167,1.0,1.11213,0.99771,1.15103,0.89703,1.08467,1.01373,1.11213,0.93364,1.09611,0.92677,1.1167,0.93135
1,0,1.49515,1.09709,1.29612,1.05825,1.34951,1.0,1.57282,0.97573,1.5825200000000001,1.02427,1.33495,1.04854,1.52427,1.00485,1.4708700000000001,0.8932,1.43204,1.00485,1.34951,1.05825,1.18932,1.25728,1.31068,0.84951,1.36547,1.03815,1.3932,1.17476,1.26214,1.0,1.37379,0.98058
0,0,2.0,0.0,2.0,2.0,2.0,2.0,2.0,2.0,2.0,2.0,2.0,0.0,2.0,0.0,2.0,2.0,2.0,0.0,2.0,2.0,2.0,2.0,2.0,0.0,2.0,2.0,2.0,0.0,2.0,2.0,2.0,0.0
1,0,1.93537,1.13645,1.93716,1.25359,1.85705,1.38779,1.79039,1.47127,1.7235200000000002,1.5994199999999998,1.6526,1.75,1.5083,1.73586,1.41629,1.82742,1.25539,1.8595199999999998,1.13712,1.85615,1.00494,1.88869,0.92639,1.7978,0.79005,1.78004,0.66831,1.71454,0.61468,1.64363,0.52581,1.55835
1,0,2.0,0.0,2.0,2.0,2.0,2.0,2.0,0.5,2.0,2.0,2.0,2.0,2.0,2.0,1.0,1.0,2.0,2.0,2.0,2.0,2.0,0.0,2.0,2.0,2.0,1.625,2.0,0.25,0.25,2.0,2.0,2.0
0,0,1.0,1.0,1.0,1.0,1.0,1.0,1.0,1.0,1.0,1.0,0.0,0.0,1.0,1.0,2.0,1.75,1.0,1.0,1.0,1.0,0.0,2.0,1.0,1.0,2.0,0.0,0.0,0.0,2.0,2.0,1.0,1.0
1,0,2.0,1.11765,2.0,1.23529,2.0,1.4117600000000001,2.0,1.05882,2.0,1.23529,2.0,1.11765,2.0,1.47059,2.0,0.94118,2.0,0.88235,2.0,1.35294,2.0,1.4117600000000001,2.0,0.88235,2.0,1.20225,2.0,1.05882,2.0,1.35294,2.0,1.23529
0,0,2.0,2.0,0.0,0.0,0.0,0.0,1.0,1.0,1.0,1.0,0.0,0.0,1.0,1.0,1.0,1.0,1.0,1.0,0.0,2.0,2.0,2.0,1.0,1.0,2.0,0.0,1.0,1.0,0.0,0.0,0.0,0.0
1,0,1.19466,1.05725,1.04198,1.25191,0.8944300000000001,1.4886599999999999,0.81679,0.81679,0.5801499999999999,1.06107,0.5458000000000001,1.0916,0.83588,0.69466,0.89695,0.60305,1.18702,0.82443,1.34012,0.88047,1.28626,0.83969,1.21645,1.24692,1.03913,1.3109199999999999,0.96183,1.26336,0.83206,1.16794,0.6984699999999999,0.66412
1,0,1.7086999999999999,0.75217,1.64348,1.04348,1.45217,1.3826100000000001,1.65217,1.18261,1.5,1.2695699999999999,1.57826,0.76957,1.50435,1.37826,1.38696,0.5739099999999999,1.36087,0.7391300000000001,1.2695699999999999,1.1173899999999999,1.53246,0.96155,1.31304,0.87826,1.4993,0.95736,1.4834800000000001,0.95552,1.64348,0.74783,1.50435,1.14783
1,0,2.0,2.0,2.0,0.0,2.0,0.0,2.0,2.0,2.0,2.0,2.0,2.0,2.0,0.0,2.0,2.0,2.0,2.0,2.0,2.0,2.0,2.0,2.0,2.0,2.0,1.5,1.0,1.0,2.0,0.0,2.0,0.0
1,0,1.98455,0.97264,1.98058,0.95896,2.0,0.92365,1.9872,1.01456,1.95278,0.97396,1.9849999999999999,0.92542,1.99382,0.92851,1.97396,0.90468,1.97264,0.87776,1.99294,0.94748,1.95278,0.91086,1.9735200000000002,0.91659,1.9665300000000001,0.87088,1.93469,0.85084,1.97132,0.84245,1.9677799999999999,0.812
1,0,1.90116,1.16607,1.79299,1.37379,1.7299,1.50515,1.5978400000000001,1.72997,1.44303,1.81152,1.2441200000000001,1.87493,1.06438,1.85038,0.8738900000000001,1.8739599999999998,0.71261,1.79617,0.53365,1.65924,0.42865,1.5380500000000001,0.31840999999999997,1.39951,0.28156000000000003,1.25835,0.27630999999999994,1.11218,0.28525,0.94475,0.32301,0.80096
1,0,1.31034,0.89655,1.24138,0.89655,1.2069,0.93103,1.07405,0.94569,1.03649,0.96311,1.01707,0.97617,1.00741,0.98518,1.00281,0.99107,1.00078,0.99477,0.99997,0.99701,0.99972,0.99834,0.99969,0.9991,0.99975,0.99952,0.99982,0.99976,0.99988,0.99988,0.99992,0.99994
1,0,1.5894,0.39073,1.8542999999999998,1.55298,1.8112599999999999,1.07285,1.56623,1.16225,1.32781,1.24172,1.50331,1.12252,1.63907,1.19868,1.71854,1.42715,1.54305,1.13907,1.65232,1.2781500000000001,1.6887400000000001,1.07285,1.51872,1.26653,1.49013,1.27687,1.46216,1.28574,1.43484,1.29324,1.40821,1.29942
1,0,1.97714,1.19049,1.82683,1.46259,1.7177099999999998,1.58732,1.47968,1.8427799999999999,1.31409,1.9264299999999999,1.10289,1.93945,0.86746,1.8429,0.6798,1.9162400000000002,0.47855000000000003,1.79525,0.31726,1.49508,0.22592,1.33537,0.14624000000000004,1.17849,0.16686,0.98642,0.17634000000000005,0.80679,0.32711,0.6633800000000001,0.40057,0.503
1,0,1.6666699999999999,0.98634,1.97404,1.06831,1.4959,1.50137,1.75683,0.99727,1.65164,0.85929,1.40164,0.51093,1.39208,1.58743,1.76776,1.3183099999999999,1.78552,1.11339,1.47541,0.55055,2.0,1.00683,1.60656,1.06967,1.68656,1.17088,1.87568,1.0778699999999999,1.55328,1.2459,1.13934,1.48087
1,0,2.0,1.67784,1.8130899999999999,1.8202099999999999,1.43019,2.0,1.20619,1.80541,0.56128,2.0,0.20865,1.77092,0.0,1.40268,0.60954,0.41366,0.020930000000000004,0.57178,0.26917,0.23661,0.62329,0.025089999999999946,1.4136600000000001,0.0,1.41778,0.06703999999999999,1.25773,0.0,1.9357,0.64778,1.9881600000000001,1.03446
0,0,0.0,2.0,1.0,1.0,1.0,1.0,0.0,2.0,2.0,2.0,1.0,1.0,1.0,1.0,2.0,0.0,0.0,2.0,2.0,2.0,1.0,1.0,0.0,0.0,2.0,0.0,2.0,2.0,0.0,2.0,1.0,1.0
0,0,2.0,2.0,2.0,0.0,1.0,1.0,1.0,1.0,0.0,0.0,1.0,1.0,1.0,1.0,0.0,2.0,2.0,2.0,0.0,2.0,0.0,2.0,2.0,0.0,2.0,2.0,0.0,2.0,2.0,2.0,1.0,1.0
1,0,1.62745,0.92157,1.72549,1.0,1.60784,0.92157,1.62745,0.88235,1.68627,0.88235,1.6666699999999999,0.86275,1.64706,0.90196,1.54902,0.88235,1.54902,0.7843100000000001,1.5882399999999999,0.80392,1.6666699999999999,0.76471,1.45098,0.7451,1.52409,0.75332,1.56863,0.6862699999999999,1.43137,0.7843100000000001,1.47059,0.72549
1,0,1.7381,1.8333300000000001,0.23809999999999998,0.7619,1.3333300000000001,0.85714,1.45238,0.85714,0.32715000000000005,1.12808,1.3333300000000001,1.0,1.28571,0.92857,0.6178600000000001,1.51163,1.2381,1.02381,1.45238,1.04762,1.16667,0.7381,0.42745,0.89766,1.24889,0.48921000000000003,2.0,1.0,0.33333,0.95238,1.2619,1.02381
0,0,2.0,0.0,2.0,0.0,2.0,0.0,2.0,0.0,2.0,2.0,2.0,2.0,2.0,0.0,2.0,2.0,2.0,2.0,2.0,2.0,2.0,0.0,2.0,0.0,2.0,0.0,2.0,1.65625,1.0,1.0,2.0,0.0
1,0,1.99701,1.21677,1.91966,1.4703,1.76902,1.62415,1.53312,1.7812000000000001,1.36774,1.8829099999999999,1.10107,1.83312,0.93173,1.8927399999999999,0.71731,1.72073,0.5629299999999999,1.61688,0.44231,1.4812,0.35,1.35534,0.35341999999999996,1.1590799999999999,0.33348999999999995,1.02277,0.35128000000000004,0.86538,0.45385,0.77051,0.52799,0.64968
1,0,1.47337,1.19527,1.06213,0.81657,1.62316,1.01006,1.4556200000000001,0.95562,1.56509,1.01775,1.44675,1.27515,1.71598,0.96154,1.55621,1.12426,1.4142000000000001,1.11538,1.52767,1.0284200000000001,1.51183,0.89349,1.47929,0.97633,1.4651399999999999,1.03259,1.5354999999999999,1.25148,1.3195299999999999,0.85503,1.34615,0.99704
1,0,1.95217,1.06595,1.93614,1.1303,1.9099599999999999,1.19152,1.8488099999999998,0.50038,1.90023,1.6132,1.7793700000000001,1.34328,1.72254,1.37988,1.6614499999999999,1.4084400000000001,1.95472,1.59862,1.53258,1.44088,1.46773,1.4451100000000001,1.4043999999999999,1.44199,1.34374,1.43221,1.9033,2.0,1.23405,1.3961999999999999,1.18632,1.37191
1,0,0.34375,1.15625,1.0625,1.0,1.0,1.0625,1.625,1.0625,1.1875,1.0,0.96875,1.09375,1.0625,1.0,1.15625,0.84375,1.4375,0.625,1.0,0.90625,1.0,1.0,1.03125,0.53125,1.03125,1.0,0.28125,1.03125,0.96875,1.0,1.0,1.09375
1,0,2.0,1.05149,1.99363,1.10123,1.96142,1.14756,1.95513,0.73504,1.66026,1.54701,1.80426,1.2528299999999999,1.73781,1.2738,1.6677499999999998,1.28714,1.59615,1.29304,1.52494,1.292,1.4558200000000001,1.28476,1.39023,1.27226,1.3293,1.25553,1.27381,1.23568,1.22427,1.21378,1.18086,1.19083
1,0,1.67547,1.04528,1.76981,0.89434,1.77358,1.03774,1.66038,0.95472,1.64528,1.01132,1.66792,0.86038,1.72075,0.97736,1.76981,1.08679,1.61887,0.92075,1.75849,0.7622599999999999,1.73962,0.85283,1.8490600000000001,0.84906,1.7388599999999999,0.94199,1.66792,1.02264,1.86415,1.03774,1.7320799999999998,1.00755
1,0,1.88116,1.27475,1.72125,1.42881,1.61559,1.63662,1.38825,1.90502,1.09831,1.96128,0.79903,1.892,0.64263,1.775,0.34885999999999995,1.6221,0.21231999999999995,1.45535,0.18144000000000005,1.19095,0.16057,0.91921,0.21665999999999996,0.73644,0.32443,0.54489,0.45267999999999997,0.39142,0.6948799999999999,0.33299999999999996,0.80688,0.24402999999999997
1,0,2.0,1.45455,2.0,1.54545,1.81818,1.63636,2.0,0.90909,2.0,1.0,1.81818,0.54545,1.63636,1.27273,2.0,0.36363999999999996,2.0,0.7272700000000001,1.90909,0.54545,2.0,1.0775,2.0,0.90909,2.0,1.08867,2.0,1.36364,2.0,1.63636,1.7272699999999999,1.27273
1,0,1.93147,1.29282,1.7991700000000002,1.55756,1.59952,1.71596,1.26203,1.92651,1.04636,1.9674800000000001,0.76763,1.9513,0.44074,1.81018,0.26671,1.62385,0.09004999999999996,1.362,0.07745999999999997,1.0604,0.06381999999999999,0.80162,0.16808,0.53094,0.34835000000000005,0.30444000000000004,0.58777,0.14275000000000004,0.8641,0.060470000000000024,1.10007,0.05176999999999998
1,0,2.0,1.54902,1.62745,2.0,1.01961,2.0,0.5098,1.92157,0.17647000000000002,1.5882399999999999,0.0,1.11765,0.03922000000000003,0.66667,0.35294000000000003,0.31372999999999995,0.76471,0.13724999999999998,1.35294,0.0,1.7450999999999999,0.27451000000000003,1.92157,0.7843100000000001,1.92874,1.21876,1.72549,1.56863,1.23529,1.9019599999999999,0.88235,1.9019599999999999
1,0,1.76627,1.21106,1.6393499999999999,1.3811200000000001,1.4840900000000001,1.525,1.15,1.22273,1.13753,1.59565,0.92273,1.4454500000000001,1.0,1.48636,0.72509,1.42014,0.43864000000000003,1.36818,0.63409,1.18864,0.59467,1.07588,0.61517,0.96771,0.66058,0.87514,0.7246,0.80286,0.80038,0.75352,0.88106,0.72782
1,0,1.44444,1.44444,1.53695,1.9076300000000002,0.77778,2.0,0.66667,1.88889,0.0,1.3333300000000001,0.0,0.88889,0.0,0.77778,0.33333,0.22221999999999997,1.55556,0.0,0.77778,0.22221999999999997,1.77778,0.77778,1.3333300000000001,1.0,1.9212,1.45019,1.57454,1.84353,1.22222,2.0,0.44443999999999995,2.0
1,0,1.81143,1.03714,1.8514300000000001,0.99857,1.79,1.00714,1.7957100000000001,0.95714,1.87571,1.0,1.85571,0.93286,1.86429,1.00286,1.82857,0.94571,1.81,0.88143,1.76857,0.91571,1.84286,0.95,1.77,0.93143,1.8159800000000001,0.91331,1.82571,0.89571,1.81429,0.95,1.8214299999999999,0.84857
1,0,1.0,1.0,2.0,1.12889,1.8844400000000001,0.98,1.0,1.0,2.0,0.5755600000000001,2.0,1.19556,2.0,0.94667,2.0,0.18444000000000005,1.0,1.0,2.0,0.96,2.0,0.81333,1.0,1.0,2.0,0.0,1.0,1.0,2.0,1.11778,1.90667,0.90444
1,0,1.4270800000000001,0.5,1.0,1.0,1.0,1.0,1.46458,1.5104199999999999,1.58958,1.02083,1.0,1.0,1.0,1.0,1.16458,0.54583,1.5916700000000001,0.81667,1.0,1.0,1.0,1.0,1.9875,0.5916699999999999,0.0,0.0,0.7208300000000001,0.24375000000000002,1.0,1.0,1.0,1.0
1,0,1.96933,1.00876,2.0,1.00843,1.98658,0.99237,1.97868,0.97156,1.9982,0.9649,2.0,0.98729,2.0,0.97419,2.0,0.98825,1.98485,1.00025,2.0,0.97388,2.0,0.95256,1.9601899999999999,0.95473,1.99188,0.96527,1.9702,0.97522,2.0,0.96145,1.9842,0.95888
1,0,1.91241,1.04347,1.94191,1.0228,1.94705,1.05345,1.93582,1.01321,1.9191099999999999,1.06348,1.92766,1.12067,1.92048,1.06211,1.88899,1.1272199999999999,1.83744,1.14439,1.80983,1.11849,1.77041,1.14222,1.75755,1.11299,1.7355,1.13282,1.66387,1.153,1.70925,1.10754,1.65258,1.11447
1,0,2.0,0.4579,2.0,0.0,2.0,0.0,2.0,1.3621699999999999,2.0,0.5888100000000001,2.0,2.0,2.0,0.0,2.0,0.70646,2.0,0.06401000000000001,2.0,2.0,2.0,2.0,2.0,0.59112,2.0,0.37255000000000005,2.0,0.0,2.0,0.0,2.0,0.0
1,0,1.9230800000000001,1.15451,1.86399,1.29757,1.7258200000000001,1.3679000000000001,1.70588,1.5683,1.57449,1.6271900000000001,1.4327,1.74676,1.31705,1.6769699999999998,1.19128,1.76818,1.04686,1.7617099999999999,0.87936,1.76969,0.81521,1.71327,0.70709,1.65708,0.61202,1.5855299999999999,0.53201,1.5013100000000001,0.46853999999999996,1.40732,0.43769,1.35095
1,0,1.9224700000000001,0.80552,1.9641899999999999,0.82326,1.87024,0.77398,1.8170199999999999,0.7293000000000001,1.79271,0.7109099999999999,1.70302,0.50361,1.63338,0.5003299999999999,1.3725399999999999,0.29271,1.2707,0.27891,1.40506,0.45828,1.33509,0.40308999999999995,1.1475,0.36399000000000004,1.09312,0.40410999999999997,0.92838,0.45072,0.9816,0.45926,0.92543,0.52102
1,0,1.42,0.39,1.0,1.0,2.0,0.0,1.9,2.0,1.43,1.6400000000000001,1.0,1.0,1.0,1.0,1.67,0.71,1.8399999999999999,0.0,1.0,1.0,1.0,1.0,1.21,1.6800000000000002,2.0,1.22,1.0,1.0,1.0,1.0,1.0,1.0
0,0,1.0,1.0,2.0,2.0,1.0,1.0,2.0,2.0,1.0,1.0,2.0,0.0,1.0,1.0,1.0,1.0,1.0,1.0,1.0,1.0,1.0,1.0,1.0,1.0,2.0,0.0,1.0,1.0,0.0,2.0,1.0,1.0
1,0,1.83427,1.39121,1.5404,1.78579,1.12326,1.89402,0.66779,1.83578,0.29913999999999996,1.59564,0.13378,1.21909,0.15558000000000005,0.75836,0.40286,0.38105999999999995,0.80646,0.12212999999999996,1.12439,0.10936000000000001,1.51109,0.27546000000000004,1.79143,0.7226600000000001,1.8300800000000002,1.08718,1.6659199999999998,1.49079,1.37542,1.70011,0.96017,1.79444
1,0,1.98182,1.0,1.8862700000000001,1.03131,1.86249,1.04572,1.8,1.0,1.6909100000000001,1.04545,1.7934299999999999,1.08436,1.77118,1.09579,1.62727,1.25455,1.68182,1.12727,1.70674,1.12608,1.68604,1.13493,1.74545,1.22727,1.64581,1.15088,1.67273,1.02727,1.6071499999999999,1.16465,1.5884,1.17077
1,0,1.39394,0.75758,1.62655,1.0127,1.45455,1.09091,1.63636,1.09091,1.21212,0.78788,1.57576,1.15152,1.39394,1.0,1.56156,1.04561,1.51515,1.0303,1.78788,1.18182,1.3030300000000001,0.84848,1.48526,1.05929,1.46362,1.06142,1.3333300000000001,0.9697,1.41856,1.0641,1.39394,1.24242
1,0,1.90147,1.4178600000000001,1.64131,1.75725,1.3044,1.95148,0.7955099999999999,1.9653399999999999,0.44516999999999995,1.8119100000000001,0.18142999999999998,1.50949,0.030139999999999945,1.10345,0.08543999999999996,0.68588,0.29837,0.34539,0.6764600000000001,0.11001000000000005,1.05865,0.05828,1.44483,0.17845999999999995,1.74105,0.44769000000000003,1.89415,0.81275,1.87893,1.20359,1.7055500000000001,1.54852
1,0,1.90547,1.41113,1.65354,1.7476099999999999,1.29921,1.95905,0.86658,1.9782,0.47763999999999995,1.83263,0.20343,1.5508600000000001,0.03369,1.15192,0.06999,0.74446,0.28137,0.40620999999999996,0.5845400000000001,0.14795000000000003,0.9775,0.06211999999999995,1.36318,0.14632,1.67538,0.38041,1.8597700000000001,0.71877,1.88654,1.098,1.75495,1.46301
1,0,2.0,0.75949,2.0,0.79747,1.8734199999999999,0.89873,1.88608,1.01266,2.0,1.11392,1.92405,1.06329,1.8481,0.96203,1.6329099999999999,0.63291,1.8734199999999999,0.98734,1.9367100000000002,1.06329,2.0,1.25316,1.62025,0.62025,1.8463699999999998,0.9446,2.0,0.93671,1.53165,1.02532,1.83544,0.97468
1,0,2.0,2.0,2.0,1.5125,1.625,0.0,2.0,2.0,1.025,1.03125,2.0,2.0,1.0,1.0,2.0,0.0,2.0,2.0,2.0,2.0,1.3125,2.0,2.0,2.0,2.0,2.0,2.0,2.0,0.05625000000000002,2.0,1.0,1.0
1,0,1.9397199999999999,1.28082,1.8048600000000001,1.52821,1.58167,1.73151,1.34961,1.80511,1.10797,1.9040300000000001,0.79985,1.8933499999999999,0.6027,1.8216299999999999,0.41164999999999996,1.62867,0.23695,1.40368,0.18738,1.18888,0.18683000000000005,0.95716,0.24727,0.73117,0.36763,0.53562,0.5357799999999999,0.38554,0.73611,0.29164999999999996,0.91063,0.28727
1,0,1.8956300000000001,1.37917,1.6731099999999999,1.69438,1.35916,1.88696,0.95807,1.9334500000000001,0.6112500000000001,1.84414,0.32726,1.6207799999999999,0.17320000000000002,1.30356,0.13849999999999996,0.94635,0.26436000000000004,0.65725,0.48222,0.37556999999999996,0.76572,0.26144999999999996,1.06911,0.26144,1.33531,0.37704000000000004,1.52414,0.57914,1.6121699999999999,0.82657,1.60073,1.0866
1,0,1.0546,1.01437,0.97414,1.04598,1.01437,1.04598,0.92241,1.00862,1.01724,0.93391,0.96264,1.0431,0.91667,0.95402,0.90517,1.08046,0.95977,1.05172,1.02011,1.02299,0.96264,0.98851,1.03161,0.99138,1.00862,1.01724,1.02586,1.01149,1.02586,1.01149,0.95402,0.99425
1,0,1.5754000000000001,0.96825,1.75198,0.94643,1.6150799999999998,0.9881,1.5396800000000002,1.03373,1.61706,1.09921,1.59127,0.97619,1.62698,1.0119,1.7083300000000001,1.02579,1.60317,1.01587,1.47817,0.97222,1.59127,1.0377,1.5,1.03968,1.6129099999999998,0.98763,1.61706,0.86508,1.68849,0.98611,1.625,0.96825
1,0,2.0,0.96635,2.0,1.00485,2.0,0.87938,1.88965,1.01198,1.73082,1.05346,1.85443,1.00827,1.5459100000000001,1.00299,1.83775,0.86356,1.75535,0.9146,1.7088700000000001,0.72498,1.43385,0.87938,1.57528,0.5978,1.5898400000000001,0.77855,1.431,0.82635,1.60436,0.7582,1.56045,0.6176200000000001
1,0,1.21429,0.90476,1.3333300000000001,1.0714299999999999,1.19048,1.19048,1.2381,1.09524,1.40476,1.02381,1.30952,0.95238,1.30952,0.95238,1.28571,0.88095,1.3333300000000001,1.04762,1.30952,1.0,1.21429,0.88095,1.35714,0.95238,1.22109,0.9771,1.19048,1.0,1.16997,0.97966,1.14694,0.98123
1,0,1.4987,1.01818,1.43117,0.9039,1.5064899999999999,0.95844,1.5013,1.0961,1.44675,1.05974,1.55844,0.88052,1.51688,0.96364,1.5272700000000001,0.94026,1.55325,0.98961,1.48571,0.96623,1.49091,0.98961,1.5922100000000001,1.0,1.5321500000000001,0.9672,1.43117,1.03377,1.54545,0.94545,1.58961,0.91429
1,0,2.0,0.90476,0.0,0.0,0.0,0.0,2.0,1.31746,1.81349,1.7619,0.0,0.0,0.0,2.0,1.47364,2.0,2.0,2.0,1.68839,0.0,0.0,0.0,1.82937,1.36508,2.0,2.0,2.0,1.50794,0.0,0.6746,0.0,1.72831
1,0,1.9433099999999999,1.19959,1.96132,1.4080300000000001,1.80514,1.56569,1.56687,1.7083,1.41836,1.8323,1.14939,1.89489,1.05167,1.93682,0.75258,1.8393899999999999,0.57189,1.7555399999999999,0.49749,1.6256300000000001,0.34485,1.50428,0.31149000000000004,1.30912,0.22902999999999996,1.15619,0.24594000000000005,0.95601,0.24800999999999995,0.82079,0.33068,0.6563300000000001
1,0,1.43636,0.87273,1.58182,0.85455,1.18182,0.32726999999999995,1.34545,0.96364,1.29091,0.94545,1.29091,1.29091,1.36364,0.58182,1.2,0.98182,1.36364,1.05455,1.12727,1.49091,1.61818,1.16364,1.32727,1.16364,1.41098,0.92973,1.34545,0.94545,1.12727,0.63636,1.29091,0.70909
1,0,1.9407999999999999,1.11933,1.85738,1.01038,1.85124,1.01546,1.76966,0.99722,1.84459,1.10916,1.83289,1.03027,1.8268,1.03506,1.74838,1.01943,1.80019,1.02405,1.80862,1.04901,1.80259,1.05352,1.77336,1.0222,1.7905799999999998,1.06235,1.8593899999999999,1.09251,1.7786300000000002,1.0709,1.7726899999999999,1.07508
1,0,1.36876,0.0,0.0,0.0,0.92339,2.0,2.0,1.95041,1.74597,0.6129,0.0,0.20687,0.90323,2.0,1.48684,1.46502,1.31755,0.72539,0.85657,0.7981199999999999,0.88024,1.06895,1.03021,1.06639,1.03443,0.98814,0.99597,0.98328,0.99239,1.00108,1.00015,1.00325
1,0,1.94052,0.98469,1.9417,1.01001,1.94994,0.98528,1.95878,0.9894,1.94641,0.9629,1.97173,0.98233,1.97055,0.96113,1.95465,0.95936,1.9523000000000001,0.95289,1.9422899999999998,0.97821,1.92815,0.95583,1.92049,0.95524,1.9269500000000002,0.94173,1.9034200000000001,0.92521,1.91991,0.9275599999999999,1.92049,0.9258
1,0,1.95882,1.10129,2.0,0.98082,1.98313,1.02555,1.96974,0.90684,1.98955,0.97284,1.9798,0.96904,2.0,0.94657,2.0,0.94821,1.9384000000000001,1.01557,1.9762,0.90716,1.97889,0.94682,1.91567,0.84325,1.9567700000000001,0.93005,1.90978,1.01307,2.0,0.89203,1.93144,0.93112
1,0,2.0,1.0507,2.0,1.10827,2.0,1.19498,2.0,1.28453,2.0,1.34826,2.0,1.3826100000000001,1.9457499999999999,1.42881,1.89126,1.5039099999999999,1.7590599999999998,1.5880100000000001,1.80644,1.59962,1.7957800000000002,1.62758,1.66643,1.6394199999999999,1.59417,1.69435,1.49538,1.7268400000000002,1.47027,1.71689,1.33381,1.75243
1,0,1.29073,1.10025,1.23308,1.17293,1.03759,1.34336,1.1203,1.26316,1.06266,1.21303,0.95275,1.12767,0.93667,1.07907,0.93672,1.04097,0.94569,1.01408,0.95834,0.9972,0.97124,0.98824,0.98245,0.98495,0.99114,0.98525,0.9972,0.9875,1.00096,0.99052,1.0029,0.99353
0,0,0.0,0.0,2.0,2.0,2.0,0.0,0.0,2.0,2.0,0.0,0.0,0.0,1.0,1.0,2.0,2.0,0.0,0.0,2.0,0.0,2.0,0.0,2.0,2.0,2.0,0.0,2.0,0.0,0.0,2.0,2.0,0.0
1,0,1.68198,0.82686,1.82332,1.21908,1.46643,1.32862,1.2579500000000001,1.58304,2.0,0.84806,1.0106,1.44523,1.0106,1.38869,1.18681,1.41168,1.10567,1.36353,1.04325,1.30745,0.99917,1.24936,0.97138,1.19405,0.95686,1.14481,0.95221,1.10349,0.95415,1.07064,0.95987,1.04586
1,0,1.59887,1.14689,1.69868,0.86064,1.85122,0.86064,1.80979,1.02448,1.50471,1.02825,1.6742,0.9548,1.8079100000000001,0.86252,1.5141200000000001,0.75518,1.8154400000000002,0.85687,1.70245,0.99623,1.3333300000000001,1.06215,1.56121,0.66855,1.61444,0.83163,1.52731,0.97928,1.53861,0.68738,1.6742,0.77966
1,0,1.9944899999999999,1.00526,1.84082,0.88687,1.8823699999999999,0.83569,1.99061,0.93743,1.9648400000000001,0.92504,1.85221,1.02966,1.87161,0.79152,1.9388100000000001,0.8702300000000001,1.98298,0.91065,1.89876,1.00075,1.87836,0.94118,1.9336799999999998,0.80128,1.8757899999999998,0.82194,1.9429400000000001,0.83419,1.80253,0.74259,1.76586,0.7220599999999999
1,0,1.73523,0.61707,1.80151,1.10278,1.78826,1.15266,1.5558,1.05252,2.0,1.21225,1.71947,1.2895400000000001,1.68798,1.32925,1.49672,1.17287,1.64333,0.97155,1.57399,1.4252799999999999,1.5312000000000001,1.44872,1.9453,1.5754899999999998,1.44174,1.482,1.12473,2.0,1.3507,1.49721,1.30588,1.49831
1,0,1.45455,1.09091,1.63636,1.09091,1.27273,1.18182,1.63636,1.0,1.36364,0.90909,1.45455,0.90909,1.48612,0.98657,1.63636,0.81818,1.45455,1.0,1.36364,0.90909,1.27273,1.18182,1.36364,0.90909,1.34442,0.98232,1.27273,1.0,1.36364,1.0,1.28985,0.98168
1,0,1.34694,1.20408,1.46939,1.2449,1.40816,1.20408,1.46939,1.44898,1.30612,1.59184,1.12245,1.5510199999999998,1.0,1.5102,0.93878,1.5510199999999998,0.79592,1.5510199999999998,0.71429,1.44898,0.71429,1.32653,0.38776,1.22449,0.5342100000000001,1.14895,0.40815999999999997,1.18367,0.65306,1.0,0.7346900000000001,0.7551
1,0,0.0,0.0,0.49306000000000005,2.0,2.0,0.0,2.0,1.53819,1.0,1.0,1.23958,0.0,2.0,2.0,1.0,1.0,2.0,2.0,2.0,2.0,1.0,1.0,0.28472,2.0,1.3333300000000001,0.0,2.0,0.0,1.6979199999999999,0.0,1.47569,2.0
1,0,1.6233499999999998,0.9651,1.59085,1.00481,1.60409,0.92539,1.63177,1.00963,1.6245500000000002,0.92539,1.67028,1.0722,1.6293600000000001,0.91576,1.67509,1.09146,1.6714799999999999,1.0,1.58965,1.10108,1.5006,1.03129,1.65945,1.14079,1.60463,1.02019,1.51384,1.04452,1.61733,0.99037,1.61372,0.90854
1,0,1.99025,0.94215,1.99793,0.86991,1.98663,0.8057,1.9937399999999998,0.7415700000000001,1.9273799999999999,0.6987,1.92651,0.62035,1.89812,0.56204,1.8492199999999999,0.47936,1.87433,0.42925,1.79016,0.40161,1.74725,0.35385,1.68282,0.31521,1.65247,0.26826000000000005,1.6101,0.24646999999999997,1.54752,0.19721999999999995,1.49195,0.16754999999999998
1,0,1.9007100000000001,1.01773,2.0,0.98227,1.9007100000000001,1.00709,1.84752,1.05674,2.0,1.03546,1.97872,1.01064,1.97518,1.03546,2.0,0.96809,1.89716,0.96809,1.8617,1.07801,2.0,1.0922,1.9007100000000001,1.0461,1.94305,1.03247,1.9468100000000002,1.02482,2.0,1.01064,1.93617,1.02128
1,0,1.84783,1.10598,2.0,1.3913,2.0,0.0,1.6693799999999999,1.08424,2.0,1.27038,2.0,1.60598,2.0,1.35507,2.0,1.02672,1.5842399999999999,0.56975,2.0,1.63496,1.8913,1.26585,1.91033,0.66667,2.0,1.15942,1.3768099999999999,0.98053,2.0,1.22464,2.0,1.37409
1,0,1.7983,1.09417,1.78129,1.20656,1.71628,1.28068,1.6932,1.41252,1.65917,1.50122,1.57898,1.6081400000000001,1.4921,1.58445,1.33354,1.67861,1.29587,1.63548,1.09599,1.6810399999999999,1.02066,1.7223600000000001,0.91252,1.63183,0.88075,1.60696,0.81774,1.5601500000000001,0.74484,1.51701,0.72661,1.4246699999999999
1,0,1.39179,0.93657,1.97464,1.04328,2.0,2.0,1.35821,1.15299,1.54478,1.1306,1.6156700000000002,0.17910000000000004,1.57836,1.6791,1.66791,0.89552,1.46642,0.8843300000000001,1.65574,1.14792,1.83209,1.45522,1.47015,1.16418,1.49309,1.1463,1.32463,0.97388,1.39118,1.13521,1.3441100000000001,1.12755
1,0,2.0,2.0,1.0,1.0,2.0,0.0,0.0,0.0,2.0,2.0,2.0,0.0,1.0,1.0,2.0,0.0,2.0,2.0,1.0,1.0,2.0,0.0,0.0,0.0,2.0,2.0,0.0,2.0,0.0,2.0,1.0,1.0
1,0,2.0,1.03529,2.0,1.18281,2.0,1.26968,2.0,1.25068,2.0,1.28778,2.0,1.38643,2.0,1.31674,2.0,1.65701,2.0,1.5384600000000002,2.0,1.61267,2.0,1.59457,1.89593,1.68326,1.8950200000000001,1.71374,1.8561100000000001,1.67149,1.74389,1.8561100000000001,1.7149299999999998,1.75837
1,0,1.94333,1.38574,1.48263,1.64534,1.21572,1.77514,0.44059000000000004,1.64899,0.26325,1.42048,0.23948999999999998,1.0,0.37294000000000005,0.68921,0.61609,0.37843000000000004,0.87203,0.30713,1.49909,0.3638,1.71481,0.6234,1.73857,0.94516,1.6009799999999998,1.30384,1.4552100000000001,1.6051199999999999,1.02742,1.5447899999999999,0.78428,1.50457
1,0,2.0,0.83684,2.0,0.8983099999999999,1.99999,0.8480300000000001,2.0,0.80723,1.94055,0.64849,1.95735,0.70215,1.93719,0.65588,1.94486,0.71894,1.90137,0.5661700000000001,1.86043,0.52692,1.82987,0.4878,1.8408,0.5286299999999999,1.76224,0.4163,1.65723,0.31206,1.6871399999999999,0.35463,1.64727,0.32774000000000003
1,0,1.66161,0.0,2.0,2.0,2.0,0.32679,1.8089300000000001,0.59554,2.0,0.0,2.0,0.10624999999999996,2.0,1.73393,1.1758899999999999,1.7098200000000001,2.0,1.78036,2.0,1.8526799999999999,2.0,0.0,2.0,1.85357,2.0,0.91429,1.9598200000000001,0.6375,2.0,1.6526800000000001,2.0,1.34732
1,0,2.0,1.0838,2.0,1.17387,2.0,0.86692,1.9817200000000001,1.6452,2.0,1.47904,2.0,1.5911300000000002,2.0,1.70758,2.0,1.8277700000000001,2.0,1.95099,2.0,2.0,1.98042,2.0,1.9162400000000002,2.0,1.83899,2.0,1.7482199999999999,2.0,1.64358,2.0,1.5247899999999999,2.0
0,0,0.0,2.0,2.0,2.0,1.0,1.0,2.0,0.0,2.0,0.0,2.0,0.0,0.0,0.0,1.0,1.0,0.0,0.0,1.0,1.0,1.0,1.0,0.0,0.0,2.0,0.0,2.0,2.0,0.0,0.0,1.0,1.0
1,0,2.0,0.94471,2.0,0.0,1.5,0.88889,1.36111,0.77778,2.0,0.74288,1.16667,0.88889,2.0,0.6534,2.0,0.61147,2.0,0.57138,1.0,0.75,2.0,0.49666999999999994,2.0,0.72222,2.0,0.42908,2.0,0.72222,2.0,0.36844,2.0,0.34065
1,0,0.795,1.2875,1.23,1.1,1.2825,1.3175,1.3225,1.35,1.36285,0.65383,1.0925,1.275,0.905,1.21,0.9125,1.2349999999999999,0.65813,1.3140800000000001,0.52,0.92,1.29908,1.33176,0.42000000000000004,0.76,1.3219,0.7152499999999999,0.53,1.185,0.72896,0.68772,1.40445,1.0305
1,0,1.80627,1.13069,1.73061,1.24323,1.64615,1.19038,1.36923,1.45577,1.44793,1.46439,1.25,1.57308,1.25192,1.37115,1.15215,1.51877,0.90192,1.575,0.96538,1.42885,0.91144,1.44424,0.85057,1.40006,0.8006,1.34976,0.76168,1.29541,0.73366,1.23896,0.76154,1.31154
1,0,1.6412200000000001,1.01403,1.34146,0.97561,1.52751,1.03466,1.19512,1.12195,1.43313,1.04755,1.21951,1.04878,1.29268,1.0,1.36585,1.0,1.31707,1.07317,1.26829,1.12195,1.23698,1.05813,1.21951,1.09756,1.1930399999999999,1.05641,1.1741,1.05504,1.19512,1.0,1.17073,1.07317
1,0,1.0,1.0,1.0,1.0,1.0,1.0,1.0,1.0,1.0,1.0,0.0,2.0,2.0,1.55172,1.0,1.0,1.0,1.0,1.0,1.0,1.0,1.0,1.0,1.0,2.0,2.0,1.0,1.0,1.0,1.0,1.0,1.0
0,0,2.0,2.0,2.0,0.0,1.0,1.0,1.0,1.0,2.0,2.0,2.0,2.0,0.0,0.0,2.0,0.0,0.0,2.0,1.0,1.0,2.0,0.0,2.0,0.0,2.0,2.0,0.0,0.0,1.0,1.0,1.0,1.0
1,0,1.79157,1.16851,1.0,1.0,1.56541,1.06874,1.39468,2.0,1.3835899999999999,1.9955699999999998,0.97561,1.5321500000000001,1.23725,1.1286,0.97339,1.95122,0.49002,1.8492199999999999,0.898,1.38803,0.57428,1.23725,0.08426,1.8071000000000002,0.65854,1.8824800000000002,0.0,1.69401,0.0,1.1286,1.0,1.0
1,0,2.0,1.11385,1.70019,0.87856,1.8159399999999999,1.09677,1.71157,1.01139,1.56167,0.9222,1.6907,1.12524,1.5863399999999999,1.03985,1.53131,0.96584,1.6945000000000001,1.16888,1.72676,1.07211,1.32068,1.05882,1.53321,1.37381,1.4909,1.17951,1.1518,1.3244799999999999,1.44141,1.18897,1.56167,1.1518
1,0,1.1859,0.83333,1.0,1.0,1.0,1.0,1.0,1.0,1.0,1.0,1.11538,0.8092900000000001,1.0,1.0,1.0,1.0,1.0,1.0,1.0,1.0,0.94872,0.93429,1.07853,1.08974,1.1730800000000001,0.89103,1.125,1.09615,1.02564,0.95192,1.16827,1.19551
0,0,1.0,1.0,0.0,2.0,2.0,2.0,0.0,0.0,1.0,1.0,0.0,0.0,0.0,0.6875,0.0,0.0,2.0,0.0,2.0,0.0,1.0,1.0,2.0,0.0,0.0,0.0,1.0,1.0,2.0,0.0,1.0,1.0
1,0,1.4375,1.04167,1.5833300000000001,0.89583,1.3958300000000001,1.0,1.3333300000000001,0.9375,1.4791699999999999,1.0,1.2916699999999999,1.10417,1.5416699999999999,1.02083,1.4375,0.77083,1.3541699999999999,0.77083,1.3333300000000001,1.08333,1.25,1.1875,1.3958300000000001,0.8125,1.44012,0.89936,1.4166699999999999,0.91667,1.5833300000000001,0.6875,1.3333300000000001,0.9375
1,0,0.0,0.0,2.0,2.0,2.0,0.85625,1.0,1.0,0.0,2.0,2.0,2.0,1.17917,0.0,0.0,0.0,1.0875,0.0,2.0,0.0,0.0,2.0,0.0,0.0,2.0,0.0,0.0,0.0,2.0,2.0,1.0,1.0
1,0,1.41932,1.12482,1.35,1.125,1.23182,1.27955,0.96364,1.44318,1.04517,1.36194,0.80909,1.33636,0.8665,1.27322,1.02727,1.40455,0.65227,1.12727,0.79972,1.05078,0.81364,1.36364,0.85997,0.95198,0.90029,0.92886,0.0,0.0,0.97084,0.92536,0.99474,0.93686
1,0,1.83789,1.42904,1.72113,1.58385,1.45625,1.78115,1.1647,1.82732,0.86988,1.86947,0.53823,1.78497,0.40564999999999996,1.5207000000000002,0.21530000000000005,1.26529,0.15986,1.03928,0.37959,0.68649,0.52588,0.51095,0.62702,0.32204,0.94946,0.37309000000000003,1.1469,0.54089,1.37093,0.60833,1.48319,0.7568699999999999
1,0,0.0,2.0,0.0,1.15244,1.28354,2.0,0.0,2.0,0.0,0.0,2.0,2.0,0.0,0.76524,1.28301,0.0,2.0,2.0,0.68598,0.0,0.0,0.0,2.0,0.0,0.0,0.96422,2.0,0.0,0.0,0.67683,1.14939,2.0
1,0,0.0,1.28105,1.22222,1.15033,0.24307,0.29016,0.6928099999999999,1.71242,0.0,2.0,0.18301,1.33987,0.20914999999999995,0.97386,0.019610000000000016,0.16993000000000003,0.39869,0.45752000000000004,0.95425,0.16993000000000003,1.9411800000000001,0.05881999999999998,0.0,0.56863,1.7438500000000001,1.09176,0.0,1.05229,1.18301,1.02614,0.59799,0.51759
1,0,2.0,0.91286,2.0,0.8273699999999999,1.86635,0.18220999999999998,1.94817,1.61053,1.95473,0.5861799999999999,1.88486,0.68264,1.87937,0.76567,1.8105099999999998,0.3782,1.12245,0.0,1.9028399999999999,1.11053,1.62357,0.21453,1.55389,0.17132000000000003,1.48136,0.13417,1.4064999999999999,0.10326000000000002,1.32984,0.07872000000000001,0.86659,0.0
1,0,1.35346,0.86232,1.69387,0.97577,1.68195,0.96426,1.5571700000000002,0.93881,1.61836,0.89533,1.62099,0.9347300000000001,1.59361,0.92711,1.42271,0.7359100000000001,1.58213,1.04992,1.49736,0.91229,1.46241,0.91011,1.45008,0.99436,1.39146,0.90962,1.35588,0.89694,1.32232,0.9136299999999999,1.28943,0.917
1,0,1.95202,1.02254,1.93757,0.98728,1.93526,1.01214,1.96705,0.98266,1.96936,1.0052,1.95665,0.96936,1.9526,0.99595,1.9948000000000001,0.97341,1.99769,1.01792,1.93584,0.95029,1.93815,0.9763,1.97052,0.95549,1.9621499999999998,0.98353,1.9739900000000001,1.01908,1.95434,0.9659,1.95838,1.00809
1,0,1.84713,0.9660299999999999,1.86412,0.91507,1.8195299999999999,1.0,1.73673,0.92357,1.71975,0.86412,1.74947,0.88323,1.77495,0.81316,1.78132,0.78769,1.6199599999999998,0.89809,1.79193,0.84289,1.89384,0.9660299999999999,1.8492600000000001,0.73885,1.74115,0.76688,1.66242,0.77707,1.72611,0.62208,1.6581700000000001,0.75159
1,0,2.0,0.97599,1.9414,1.06531,1.92106,0.76745,1.77152,0.83601,1.52798,0.79725,1.56409,0.99288,1.34395,0.72543,1.5293999999999999,0.7822,1.45107,0.82187,1.05982,0.64425,1.02309,0.47121,1.03286,0.34841999999999995,1.1329,0.46794,1.02431,0.37803,0.94293,0.40427,0.95392,0.34302999999999995
1,0,1.99539,0.94111,1.85243,1.02306,1.83398,0.6229199999999999,2.0,1.0376,1.85243,0.82245,1.59755,0.55055,1.6053600000000001,0.6177699999999999,1.84356,0.61458,1.58212,0.67808,1.5697100000000002,0.70326,1.3694600000000001,0.52643,1.56811,0.48829,1.41078,0.53832,1.21266,0.6591,1.42267,0.45513000000000003,1.18641,0.5469999999999999
1,0,1.79378,1.29492,1.6406399999999999,1.52312,1.41319,1.6815799999999999,1.14177,1.83548,0.83169,1.78772,0.57089,1.72328,0.42835,1.41471,0.24563999999999997,1.16755,0.30023,0.90144,0.42305000000000004,0.76497,0.59363,0.61713,0.82563,0.4746,1.01523,0.51293,1.1903,0.61941,1.3100800000000001,0.76801,1.34572,0.91964
1,0,1.9287,1.33164,1.7616800000000001,1.6234899999999999,1.49305,1.84266,1.2159200000000001,1.95193,0.86044,1.96167,0.52798,1.8359,0.29252999999999996,1.6549,0.12526000000000004,1.3675,0.08186000000000004,1.05595,0.10175999999999996,0.73827,0.26031000000000004,0.45931,0.49243000000000003,0.25265000000000004,0.77677,0.13878000000000001,1.0781,0.12841000000000002,1.36021,0.21943000000000001,1.5940699999999999,0.3973
1,0,1.7479,1.0084,1.83312,1.01659,1.82638,1.02469,1.86555,1.01681,1.60504,1.05882,1.79093,1.04731,1.77441,1.05407,1.64706,1.1932800000000001,1.8403399999999999,1.04202,1.71285,1.07122,1.68895,1.07577,1.66387,1.08403,1.63728,1.08296,1.61345,1.01681,1.5818699999999999,1.08757,1.5533000000000001,1.08891
1,0,2.0,0.0,1.0,1.0,1.77941,0.007349999999999968,1.8088199999999999,1.5514700000000001,0.5808800000000001,0.051470000000000016,1.0,1.0,1.0,1.0,1.72059,0.22794000000000003,1.73529,0.39705999999999997,1.0,1.0,1.18382,0.0,0.0,0.0,0.0,0.0,2.0,0.0,2.0,0.0,1.0,1.0
0,0,1.0,1.0,2.0,2.0,2.0,2.0,1.0,1.0,1.0,1.0,0.0,0.0,1.0,1.0,0.0,0.0,1.0,1.0,1.0,1.0,2.0,2.0,1.0,1.0,2.0,2.0,1.0,1.0,0.0,2.0,1.0,1.0
1,0,1.0,1.0,1.0,1.0,1.0,1.0,1.0,1.0,2.0,0.66667,1.16667,1.2604199999999999,1.0,1.0,1.0,1.0,1.0,1.0,0.80208,0.78125,0.83333,1.90625,0.0,1.5,1.04167,1.75,0.77083,0.0,0.875,0.72917,0.80208,0.0625
1,0,1.8336700000000001,1.31456,1.65541,1.5767099999999998,1.34962,1.7067700000000001,1.17293,1.7894700000000001,0.81024,1.79886,0.5827100000000001,1.66541,0.31579,1.47744,0.25275000000000003,1.19492,0.2782,0.95113,0.37970000000000004,0.7180500000000001,0.5083500000000001,0.46536999999999995,0.7342299999999999,0.33986000000000005,0.9847,0.30294,1.22708,0.35572000000000004,1.431,0.48794000000000004,1.64662,0.6992499999999999
0,0,2.0,2.0,2.0,0.0,2.0,0.0,2.0,2.0,1.0,1.0,2.0,0.0,1.0,1.0,1.0,1.0,1.0,1.0,0.0,2.0,2.0,2.0,1.0,1.0,2.0,2.0,1.0,1.0,0.0,0.0,1.0,1.0
1,0,2.0,1.14286,2.0,1.71429,2.0,1.71429,2.0,0.85714,1.85714,0.85714,2.0,1.02534,2.0,1.0,1.4285700000000001,0.85714,2.0,1.03617,2.0,0.71429,2.0,1.0,1.28571,0.71429,2.0,1.04891,2.0,1.05182,2.0,1.5714299999999999,2.0,1.0
1,0,1.9570400000000001,0.87905,1.6331799999999999,0.8731,1.96365,0.81758,1.9702600000000001,1.0846,1.9200300000000001,0.98876,1.8354300000000001,0.75281,2.0,0.68605,1.99273,0.78784,1.98678,0.78982,2.0,0.72835,1.93126,0.6054200000000001,2.0,0.80767,1.8879299999999999,0.68435,1.8142800000000001,0.7627200000000001,1.8909500000000001,0.68143,1.69531,0.5842700000000001
1,0,2.0,1.0,2.0,1.0,1.6666699999999999,1.11111,2.0,0.88889,1.88889,0.88889,2.0,0.77778,1.77778,1.0,1.77778,1.0,2.0,0.88889,1.77778,0.88889,1.6666699999999999,0.88889,1.6666699999999999,1.0,1.90347,0.94648,2.0,1.11111,1.88889,0.88889,2.0,1.0
1,0,0.0,0.0,1.0,1.0,1.50814,0.21497999999999995,1.6058599999999998,1.3289900000000001,0.0,0.58632,1.0,1.0,1.0,1.0,2.0,0.7329,1.36482,0.36482000000000003,1.97068,0.0,0.0,0.0,2.0,0.40391,0.0,0.0,0.0,0.0,2.0,0.0,1.0,1.0
1,0,2.0,1.00433,2.0,0.98791,2.0,0.9704,2.0,0.92986,1.97839,0.93744,2.0,0.9345600000000001,1.97261,0.92083,1.92561,0.8633500000000001,1.94184,0.85673,1.9958900000000002,0.8575200000000001,1.94815,0.86435,1.89469,0.79149,1.89067,0.82091,1.85644,0.81448,1.83777,0.79899,1.83867,0.79234
1,0,1.87032,1.4697200000000001,1.53945,1.82161,1.1038000000000001,1.95275,0.6196699999999999,1.8791600000000002,0.26061,1.58226,0.07901000000000002,1.16731,0.17583000000000004,0.75058,0.40617000000000003,0.36658,0.75988,0.17118999999999995,1.18823,0.21301000000000003,1.5155699999999999,0.42569999999999997,1.6927400000000001,0.75157,1.69097,1.10484,1.52798,1.3976199999999999,1.25974,1.5657299999999998,0.9326099999999999,1.57552
1,0,1.01667,0.64375,1.0,1.0,1.0,1.0,1.0,1.0,1.0,1.0,1.0,1.0,1.12292,0.44999999999999996,1.22813,1.82813,2.0,0.57708,1.0,1.0,1.08333,0.0,0.89375,0.83333,2.0,0.23333000000000004,0.0,1.18854,1.0,1.0,2.0,0.72708
1,0,1.94598,0.97315,0.0,1.26131,0.63607,1.35639,1.69258,0.36573,2.0,0.96647,0.7098,0.9945,0.45148,1.15452,1.91921,0.5373,2.0,0.49576,0.70265,0.68546,0.26136000000000004,1.37361,1.83872,0.53266,1.5220799999999999,0.41869999999999996,2.0,0.38607,0.90366,1.20477,0.93883,1.41913
1,0,1.88208,0.85361,1.93408,0.8894299999999999,1.921,0.8355,1.88307,0.8296399999999999,1.88462,0.68191,1.85269,0.68537,1.82116,0.64076,1.80681,0.66368,1.75243,0.5297799999999999,1.7055500000000001,0.52847,1.6615,0.49915,1.61297,0.5191399999999999,1.5680399999999999,0.45370999999999995,1.50179,0.40146000000000004,1.47075,0.42623,1.4218899999999999,0.41913999999999996
0,0,1.0,1.0,1.0,1.0,1.0,1.0,1.0,1.0,1.0,1.0,2.0,2.0,2.0,2.0,2.0,0.0,1.0,1.0,2.0,2.0,2.0,0.0,2.0,2.0,2.0,1.0,2.0,2.0,2.0,0.0,1.0,1.0
1,0,2.0,1.16195,2.0,0.94442,2.0,1.01373,2.0,0.87648,2.0,0.98489,2.0,0.98269,2.0,0.93626,2.0,0.92843,2.0,1.059,2.0,0.8989199999999999,2.0,0.97315,2.0,0.77022,2.0,0.93177,2.0,1.08299,2.0,0.85806,2.0,0.92561
0,0,0.0,0.0,1.0,1.0,0.0,2.0,2.0,0.625,1.0,1.0,1.0,1.0,1.0,1.0,2.0,0.0,0.0,0.0,2.0,0.0,1.0,1.0,2.0,0.0,0.0,2.0,0.0,0.0,1.0,1.0,0.0,2.0
1,0,1.68148,1.1037,1.77037,1.03457,1.65185,1.08148,1.60988,0.9950600000000001,1.79012,1.11852,1.59753,1.04938,1.62469,1.0963,1.7827199999999999,0.82469,1.73827,0.89136,1.48642,1.0098799999999999,1.60988,1.08148,1.6666699999999999,0.8716,1.63773,0.97549,1.76543,1.02222,1.61235,0.9284,1.5135800000000001,0.95309
0,0,1.0,1.0,1.0,1.0,1.0,1.0,1.0,1.0,1.0,1.0,1.0,1.0,1.0,1.0,1.0,1.0,1.0,1.0,1.0,1.0,1.0,1.0,1.0,1.0,2.0,2.0,1.0,1.0,1.0,1.0,1.0,1.0
1,0,1.5,1.0,1.38696,1.10435,1.4913,1.06522,1.46957,0.96087,1.35652,0.87391,1.45652,1.04783,1.50435,1.02609,1.35652,1.19565,1.42174,1.14783,1.42174,0.97391,1.3217400000000001,0.88696,1.47391,0.9913,1.4178899999999999,1.06908,1.38696,1.03913,1.35217,1.14783,1.44783,1.17391
1,0,2.0,0.0,2.0,2.0,0.0,2.0,2.0,0.0,2.0,0.0,0.0,0.0,0.0,2.0,2.0,2.0,2.0,2.0,0.0,2.0,2.0,0.0,2.0,0.0,2.0,2.0,2.0,2.0,0.0,2.0,0.0,2.0
1,0,1.83479,1.28993,1.6925599999999998,1.47702,1.49234,1.68381,1.21991,1.86761,0.91904,1.85011,0.64442,1.77681,0.47265,1.58425,0.2965,1.31291,0.24178999999999995,1.03939,0.28774999999999995,0.84683,0.41685000000000005,0.60832,0.62801,0.47046,0.8305,0.39137,1.08425,0.38512,1.25164,0.51532,1.40591,0.64661
1,0,0.73333,1.4,0.72697,1.12159,0.82222,0.95556,1.06192,0.93121,1.04461,1.02575,0.99115,1.02726,0.98414,0.99834,0.99907,0.99117,1.0047,0.99847,1.00138,1.00238,0.99886,1.00102,0.99931,0.9995,1.00019,0.99957,1.00026,1.00005,1.0,1.00015,0.99992,1.00002
1,0,2.0,1.16801,1.99352,1.16334,1.94616,1.33347,1.9175900000000001,1.2261,1.91408,1.37107,1.8425,1.46899,1.8101099999999999,1.49225,1.7847300000000001,1.48311,1.65091,1.56977,1.5655299999999999,1.5807099999999998,1.55586,1.6472,1.48311,1.55236,1.43317,1.69129,1.35684,1.76147,1.33921,1.66844,1.22101,1.78685
1,0,1.89706,1.38235,1.9117600000000001,1.375,1.74265,1.6764700000000001,1.45588,1.77941,1.19118,1.88971,0.97794,1.86029,0.7941199999999999,1.8235299999999999,0.625,1.6764700000000001,0.5,1.47794,0.26471,1.38235,0.13971,1.08824,0.25734999999999997,0.875,0.32075,0.75869,0.44853,0.57353,0.55882,0.49265000000000003,0.71324,0.43382
1,0,1.0,1.0,0.66328,1.85388,1.0,1.0,1.68869,0.0,1.97078,1.31385,0.73952,0.40788,0.6975899999999999,1.65565,1.9415499999999999,1.16391,1.0,1.0,1.0,1.0,0.81957,0.0,1.0,1.0,2.0,0.0,1.0,1.0,1.04447,1.6188099999999999,1.0,1.0
1,0,1.9635500000000001,0.92802,2.0,0.85667,2.0,0.78687,2.0,0.63826,1.9257,0.56431,1.9451,0.5933200000000001,1.9039199999999998,0.5361899999999999,1.98305,0.64743,1.84537,0.3398,1.75346,0.39410999999999996,1.69637,0.35775,1.85106,0.3456,1.57577,0.30288000000000004,1.25435,0.36080999999999996,1.45114,0.27220999999999995,1.38895,0.26580000000000004
1,0,2.0,0.58543,2.0,1.76131,1.8706,1.18593,2.0,0.9007499999999999,1.93844,1.4799,1.65452,0.8392,2.0,1.00879,1.97613,0.49873999999999996,1.8002500000000001,0.75503,1.8806500000000002,0.80905,2.0,0.87688,1.93593,1.10678,1.9289,0.9275100000000001,2.0,0.7261299999999999,1.4397,1.19849,1.51382,0.94598
1,0,2.0,1.0738,2.0,1.0342,2.0,0.94437,2.0,1.08764,2.0,1.19651,2.0,1.20328,2.0,1.12785,2.0,1.10561,2.0,1.27087,2.0,1.4475799999999999,2.0,1.4175,2.0,1.2003300000000001,2.0,1.36743,1.9560300000000002,1.48641,2.0,1.32492,2.0,1.46712
1,0,1.03852,1.02568,1.00428,1.0,1.01997,0.98003,1.0214,0.95007,0.9515,0.98716,1.01427,0.97718,1.0,0.96719,0.95292,0.9714700000000001,0.98288,1.03566,1.0214,1.00428,1.05136,0.97718,1.05136,1.01854,1.03994,1.01569,1.01997,1.00713,0.97432,0.98146,0.98573,1.01997
1,0,2.0,1.06538,2.0,1.20746,2.0,1.26281,1.93051,1.32213,1.86773,1.39039,1.75474,1.50082,1.79555,1.52321,1.65954,1.6075599999999999,1.57619,1.62999,1.47807,1.67135,1.40553,1.6884000000000001,1.34384,1.72082,1.27712,1.72386,1.19296,1.70682,1.11372,1.72688,1.0699,1.71444
1,0,1.89505,0.96832,1.8752499999999999,1.05545,1.89505,1.01386,1.9287100000000001,1.02772,1.9128699999999998,0.9901,1.94059,0.98416,1.9188100000000001,1.03366,1.93663,1.0,1.94257,1.01386,1.90495,1.00792,1.88713,0.98218,1.89307,1.02376,1.89002,1.01611,1.8811900000000001,1.00198,1.87327,1.04158,1.86733,1.02376
1,0,1.58459,0.64474,2.0,1.35338,1.75376,0.99436,1.82519,1.19361,1.5018799999999999,0.72368,1.65977,1.06391,1.69737,1.14662,1.7236799999999999,0.57331,1.76128,1.04511,1.66917,1.20489,1.84774,0.59023,1.6484999999999999,0.95301,1.56836,0.89429,1.5282,0.86654,1.15602,0.87782,1.44767,0.89691
0,0,2.0,0.0,2.0,2.0,2.0,0.0,2.0,2.0,2.0,0.0,2.0,0.0,2.0,0.0,2.0,2.0,2.0,2.0,2.0,2.0,2.0,0.0,2.0,2.0,2.0,2.0,2.0,2.0,2.0,2.0,2.0,0.0
1,0,1.97905,1.1581,1.9011200000000001,1.35237,1.82039,1.4856099999999999,1.7176,1.6488800000000001,1.58827,1.73743,1.4034900000000001,1.83156,1.2514,1.8480400000000001,1.047,1.8547500000000001,0.87807,1.79749,0.7382,1.80754,0.62165,1.7167599999999998,0.48966,1.58324,0.42413,1.4604,0.38100999999999996,1.30796,0.34246,1.1834500000000001,0.35866,1.02968
1,0,1.97032,0.85616,1.91324,0.99772,1.9657499999999999,0.82877,1.9863,1.18265,1.91781,1.00228,1.93607,0.91553,1.91324,0.99772,1.86758,0.91324,1.97032,0.78767,2.0,1.10274,1.92009,0.9474899999999999,1.92466,1.06849,1.94043,0.90748,1.97032,0.79909,1.85388,0.91324,1.9657499999999999,0.78082
1,0,1.38521,1.15564,1.41245,1.07393,1.26459,1.24125,1.23346,1.1323,1.19455,1.25292,1.24514,1.36965,1.08949,1.22957,0.96109,1.36965,1.05058,1.24903,1.24903,1.09728,1.07782,1.29961,0.97506,1.28482,0.93976,1.2625600000000001,0.85214,1.14786,0.90661,1.31128,0.80934,1.2879399999999999
1,0,1.4736799999999999,0.89474,1.8378100000000002,1.01756,1.83155,1.02615,1.68421,0.94737,1.68421,1.0,1.7985600000000002,1.05028,1.78315,1.05756,1.84211,1.4736799999999999,2.0,1.05263,1.7255,1.07631,1.70301,1.08141,1.42105,1.2105299999999999,1.65419,1.08968,1.5263200000000001,0.78947,1.6015000000000001,1.09534,1.5741800000000001,1.0971899999999999
1,0,0.0,0.40323,1.0,1.0,0.0,1.64516,0.12902999999999998,2.0,1.0,1.0,1.0,1.0,1.0,1.0,1.0,1.0,1.0,1.0,0.0,0.0,1.0,1.0,1.29839,1.23387,2.0,1.51613,1.0,1.0,1.0,1.0,1.0,1.0
1,0,1.85013,1.01809,1.92211,1.01456,1.9204599999999998,1.0218,1.9276499999999999,1.0801,1.8759700000000001,1.1137,1.91161,1.0432,1.9073799999999999,1.0501800000000001,1.87339,1.0284200000000001,1.95866,1.0,1.89097,1.07047,1.8843,1.07697,1.83721,1.10853,1.86923,1.0895,1.8759700000000001,1.08786,1.85198,1.10134,1.8425799999999999,1.10698
1,0,1.8704800000000001,1.3802699999999999,1.64099,1.69212,1.3134700000000001,1.86625,0.96067,1.9074,0.5782700000000001,1.79346,0.29439000000000004,1.5156,0.18950999999999996,1.22735,0.18864000000000003,0.87461,0.32526,0.61898,0.61666,0.37139,0.86987,0.29238,1.15552,0.33579000000000003,1.38544,0.48432,1.52573,0.70103,1.56239,0.94062,1.5146,1.16645
1,0,1.9800200000000001,1.00075,2.0,1.0,1.98982,0.99925,1.94721,1.02394,1.9769999999999999,1.0213,1.97888,1.03073,1.9917,1.02338,1.93929,1.05713,1.93552,1.05279,1.9773800000000001,1.05524,2.0,1.06241,1.9415499999999999,1.08107,1.96709,1.0725500000000001,1.95701,1.08088,1.9819,1.0812599999999999,1.97247,1.08616
1,0,2.0,0.98821,2.0,0.99657,2.0,0.98435,2.0,0.98435,2.0,0.97191,2.0,0.9781299999999999,1.9982799999999998,0.96913,1.9952800000000002,0.96762,1.99314,0.96548,2.0,0.96119,2.0,0.94961,2.0,0.95069,1.9984199999999999,0.94473,1.994,0.93696,1.99057,0.93503,1.98971,0.93332
1,0,1.84843,1.0679400000000001,1.80562,0.97701,1.77031,0.96701,1.6672500000000001,0.9338,1.59582,0.92334,1.6726,0.94229,1.6425999999999998,0.93562,1.39199,1.0453,1.71254,1.01394,1.5596999999999999,0.91961,1.5343,0.91547,1.47038,0.77178,1.48659,0.90872,1.52613,0.91463,1.4427699999999999,0.90379,1.4222299999999999,0.90192
1,0,2.0,0.71572,2.0,0.74654,1.94623,0.64906,2.0,0.69434,1.92736,0.50943,1.90818,0.55881,1.7572299999999998,0.41101,1.69748,0.41981,1.59623,0.42421,1.68459,0.29025,1.5446499999999999,0.12673,1.49214,0.26666999999999996,1.35504,0.23946,1.26352,0.21760999999999997,1.16604,0.26854999999999996,1.13994,0.30000000000000004
1,0,1.85736,1.00075,1.81927,0.94324,1.77521,0.95818,1.84317,1.09037,1.86258,1.11949,1.8805100000000001,0.93876,1.78342,1.0351,1.83719,0.93204,1.8357,0.8581,1.88125,1.01195,1.90515,1.0224,1.7968600000000001,0.98058,1.82383,0.96322,1.88125,0.93577,1.73936,0.98058,1.79089,0.90814
1,0,0.35714,0.0,2.0,1.82857,2.0,0.0,2.0,0.76607,2.0,1.9616099999999999,2.0,0.62321,2.0,0.0,2.0,1.13839,2.0,0.0,2.0,0.96607,0.15713999999999995,2.0,1.5375,1.85714,2.0,2.0,2.0,0.0,2.0,0.0,2.0,0.0
1,0,1.92657,1.0417399999999999,1.89266,1.15766,1.86098,1.19791,1.8367499999999999,1.36526,1.80619,1.40198,1.76221,1.40552,1.66586,1.4836,1.60101,1.51752,1.53392,1.5218,1.48435,1.5421200000000002,1.42546,1.55684,1.3334,1.55274,1.26978,1.5421399999999998,1.2230699999999999,1.5344799999999998,1.14312,1.49124,1.11573,1.46571
0,0,0.0,0.0,1.0,1.0,1.0,1.0,1.0,1.0,1.0,1.0,1.0,1.0,2.0,0.0,1.0,1.0,0.0,0.0,1.0,1.0,2.0,2.0,2.0,0.0,2.0,0.0,1.0,1.0,1.0,1.0,1.0,1.0
1,0,1.68317,1.05375,1.84803,1.00202,1.84341,1.00301,1.843,1.09901,1.75813,1.04102,1.8189199999999999,1.00585,1.80738,1.00673,1.8062200000000002,0.87553,1.77935,0.9646399999999999,1.7636500000000002,1.00909,1.74635,1.00978,1.7963200000000001,0.95757,1.70824,1.01096,1.62235,1.11598,1.6662400000000002,1.0119,1.6440700000000001,1.01227
1,0,1.9449,0.5068900000000001,2.0,0.96308,1.98898,0.12948000000000004,1.90083,1.6694200000000001,2.0,0.89896,2.0,0.87507,2.0,0.84983,2.0,0.82319,2.0,0.79509,2.0,0.7654799999999999,2.0,0.73429,2.0,0.70148,2.0,0.66696,2.0,0.63069,2.0,0.5926,2.0,0.55261
1,0,0.32065,0.0,0.0,2.0,2.0,1.63317,1.03515,0.0,0.0,0.0,2.0,2.0,1.88683,0.0,0.0,2.0,1.8384,2.0,2.0,0.0,0.0,0.0,0.8114399999999999,2.0,2.0,0.0,0.0,0.0,0.0,2.0,2.0,1.3361100000000001
1,0,2.0,0.8117099999999999,1.93035,0.63844,0.89132,0.06403000000000003,2.0,0.95451,1.50874,0.32257,1.34432,0.30293000000000003,0.48314999999999997,0.02485000000000004,1.05499,0.37763,1.33109,0.0,0.86849,0.5469999999999999,0.81944,0.64266,0.79668,0.73431,0.79532,0.81599,0.8096,0.88407,0.83374,0.93712,0.8626199999999999,0.97553
1,0,1.0,1.0,2.0,1.5172400000000001,1.0,1.0,1.10991,0.0,1.0,1.0,1.0,1.0,0.0,0.77586,0.44289,0.16703,1.7694,1.63147,1.0,1.0,1.5344799999999998,1.3566799999999999,0.09697999999999996,1.44828,2.0,0.0,0.0,1.8157299999999998,1.0,1.0,1.0,1.0
1,0,2.0,0.93396,2.0,1.62937,2.0,1.09557,2.0,1.2028,2.0,0.0,2.0,0.59441,2.0,0.84149,2.0,1.04895,2.0,0.38461999999999996,2.0,0.73427,2.0,0.0,2.0,0.41957999999999995,2.0,0.18628,2.0,0.0,2.0,0.21445000000000003,2.0,0.5174799999999999
1,0,1.9117600000000001,0.91176,1.97059,1.17647,1.8235299999999999,1.08824,1.9117600000000001,0.97059,1.97059,0.82353,1.97059,1.14706,1.9411800000000001,1.02941,2.0,1.0,2.0,1.0,1.76471,1.11765,1.88235,1.02941,1.85294,1.02941,1.9266299999999998,1.026,1.9411800000000001,0.88235,1.97059,1.05882,1.9117600000000001,1.05882
1,0,2.0,0.84101,1.72314,1.27686,1.83443,0.41612000000000005,2.0,0.71793,2.0,0.50137,1.79962,0.87473,1.76837,1.14638,2.0,1.39337,2.0,1.2659,1.96354,0.98109,1.92599,0.08662000000000003,2.0,1.1480299999999999,2.0,0.88418,2.0,0.88871,2.0,1.53372,2.0,0.42242
1,0,1.8941,1.13425,1.87001,1.31543,1.7889599999999999,1.43388,1.63388,1.59975,1.54003,1.7101600000000001,1.39699,1.7616100000000001,1.2426599999999999,1.79523,1.09134,1.7959800000000001,0.9084099999999999,1.76261,0.79799,1.66926,0.69737,1.6261,0.59448,1.50489,0.5378499999999999,1.40753,0.49685999999999997,1.27252,0.47177,1.1917200000000001,0.5119199999999999,1.05972
1,0,1.84557,0.9142,0.68255,0.19447000000000003,0.91039,0.43565,1.80648,1.04576,1.89514,0.99237,0.81506,1.6396600000000001,0.79981,0.31935,1.85701,0.88656,1.77979,0.84271,0.93041,1.5081,0.65872,1.80934,1.78932,0.96282,1.70882,0.74712,1.77884,0.8589100000000001,0.7864599999999999,0.21830000000000005,0.81506,0.40132999999999996
1,0,2.0,2.0,2.0,2.0,1.9101,2.0,0.7303,2.0,0.16847999999999996,2.0,0.0,2.0,0.0,1.72526,0.0,0.42221,0.0,0.57948,0.0,0.0,0.47162000000000004,0.0,1.90014,0.0,2.0,0.0,2.0,0.0,2.0,0.65314,2.0,1.34845
1,0,1.94631,1.17498,1.9094600000000002,1.3314300000000001,1.8509600000000002,1.4996,1.73678,1.63842,1.59215,1.73838,1.48698,1.8361399999999999,1.3045900000000001,1.90665,1.17959,1.9342899999999998,0.99299,1.93109,0.8112,1.89383,0.66977,1.82492,0.53466,1.76482,0.41437,1.6633499999999999,0.32071000000000005,1.52564,0.24678999999999995,1.42488,0.18789999999999996,1.26092
1,0,1.88103,0.99143,1.89818,0.97535,1.9410500000000002,0.98178,1.89175,0.87245,1.8220800000000001,0.89068,1.88853,1.01179,1.90782,0.86281,1.87138,0.93891,1.90782,0.97642,1.87996,0.85423,1.82851,0.87567,1.9013900000000001,0.80493,1.88245,0.85097,1.84352,0.87138,1.8842400000000001,0.81458,1.91747,0.83173
1,0,2.0,0.13299000000000005,2.0,1.2227999999999999,1.85492,0.60104,2.0,0.8791,2.0,1.35147,2.0,1.07772,2.0,0.85233,2.0,0.0,2.0,0.0,1.6183100000000001,1.1580300000000001,2.0,1.6234899999999999,2.0,0.82988,2.0,1.35924,2.0,0.33506,2.0,1.88428,2.0,0.81174
1,0,1.57647,0.98431,1.40392,1.0,1.38431,1.12941,1.4,0.94118,1.56471,1.14118,1.46667,1.08235,1.52549,0.9451,1.58039,1.01569,1.50196,1.0,1.45882,1.06667,1.58039,1.08235,1.49804,1.00392,1.48601,1.10039,1.46275,1.08235,1.45098,1.23529,1.43137,1.17255
1,0,1.50112,0.96404,1.61124,1.01348,1.58876,1.01573,1.58876,1.02472,1.66742,0.99551,1.71685,0.95281,1.66517,1.00899,1.5730300000000002,1.02472,1.6471900000000002,0.92584,1.56854,1.14157,1.57528,0.96404,1.46517,1.04944,1.56588,1.00824,1.4764,0.96404,1.54607,1.10562,1.6067399999999998,0.9191
1,0,1.0,1.0,0.0,0.0,0.0,2.0,1.0,1.0,0.0,2.0,2.0,2.0,2.0,0.0,1.0,1.0,1.0,1.0,0.0,0.0,0.0,2.0,2.0,1.4375,2.0,0.0,1.0,1.0,0.0,0.0,0.0,2.0
1,0,1.7604600000000001,1.01092,1.86335,1.00258,1.8582100000000001,1.00384,1.79988,1.02304,1.81504,1.12068,1.8309600000000001,1.00744,1.8181500000000002,1.00854,1.8277700000000001,0.93026,1.76531,1.03881,1.76979,1.01148,1.75071,1.01232,1.77138,0.99697,1.70886,1.01375,1.66161,1.00849,1.6629800000000001,1.01484,1.63887,1.01525
1,0,1.0,1.0,2.0,0.0,1.0,1.0,1.0,1.0,2.0,2.0,2.0,0.74658,2.0,1.23288,2.0,0.0,1.0,1.0,1.0,1.0,2.0,2.0,1.0,1.0,2.0,0.0,1.0,1.0,2.0,0.0,1.0,1.0
1,0,1.3333300000000001,0.75,1.44444,1.22222,1.38889,1.16667,1.4166699999999999,1.13889,1.5,0.88889,1.54911,0.91557,1.5833300000000001,1.3333300000000001,1.55556,1.02778,1.25,0.80556,1.47222,0.94444,1.52778,0.97222,1.38889,1.08333,1.41543,0.85744,1.19444,0.86111,1.36924,0.85191,1.08333,0.5
1,0,1.8841999999999999,1.36724,1.67123,1.67382,1.3961299999999999,1.86399,1.02424,1.93182,0.64852,1.8371300000000002,0.39683999999999997,1.5884200000000002,0.21342000000000005,1.38778,0.16715000000000002,0.99358,0.30682,0.67037,0.47496000000000005,0.46075999999999995,0.7262299999999999,0.31874,1.00806,0.30226,1.26028,0.39322,1.44569,0.5661700000000001,1.54209,0.78458,1.5628600000000001,1.02823
1,0,1.88853,1.01631,1.92007,1.01305,1.92442,1.01359,1.8917899999999999,0.89777,1.90103,0.91572,1.9304000000000001,0.98967,1.93094,0.91082,1.86025,0.94943,1.89451,0.95976,1.88418,0.87874,1.88907,0.88091,1.8298,0.8586199999999999,1.86453,0.88192,1.8553600000000001,0.86949,1.83524,0.87548,1.8678599999999999,0.87765
1,0,1.95659,1.0814300000000001,1.9748700000000001,0.94333,1.97165,0.91516,1.96097,0.93439,1.9471699999999998,1.01279,1.9543599999999999,0.83205,1.94612,0.80503,1.9963,0.6773199999999999,1.90343,0.64098,1.91428,0.7268399999999999,1.9014,0.7019299999999999,1.99899,0.59253,1.87244,0.6541399999999999,1.92059,0.69381,1.83951,0.60939,1.82166,0.5882700000000001
1,0,1.84134,0.81638,1.43644,1.02919,1.93421,0.99733,1.87947,1.13795,1.81121,0.98211,1.88559,1.5499100000000001,1.9171399999999998,0.42513999999999996,1.75,0.7048,1.86676,0.79896,2.0,2.0,1.4661,0.8371,1.90066,0.97222,1.93358,0.98842,1.61582,0.67702,1.84463,0.7429399999999999,1.93323,0.98575
1,0,1.62121,0.36363999999999996,1.0,1.0,1.0,1.0,1.3447,1.28788,1.4280300000000001,1.39394,0.92424,1.51894,1.36364,1.31439,0.46212,1.32955,1.12121,0.85227,1.01894,0.46591000000000005,0.42423999999999995,1.17803,1.2916699999999999,0.7272700000000001,1.25758,0.42423999999999995,1.43182,1.24242,1.18182,0.97727,1.17045,0.58333
1,0,2.0,1.06843,2.0,1.14211,2.0,1.22108,2.0,0.875,2.0,1.3949500000000001,2.0,1.48981,2.0,1.58986,0.625,2.0,2.0,1.0,2.0,1.92001,2.0,2.0,2.0,2.0,2.0,2.0,2.0,1.25,2.0,2.0,2.0,2.0
1,0,1.90608,0.98343,1.98122,0.98011,1.9569100000000001,0.96354,1.85746,1.0011,1.89724,0.96685,1.8906100000000001,0.98564,1.90608,0.9547,1.91381,0.99116,1.8077299999999998,0.8707199999999999,1.8872900000000001,1.01215,1.9215499999999999,0.9768,1.9104999999999999,0.97901,1.89147,0.9224,1.8298299999999998,0.82762,1.96022,0.96243,1.8740299999999999,0.83757
1,0,2.0,1.63548,2.0,2.0,1.77123,2.0,0.66667,2.0,0.0,2.0,1.0,2.0,0.0,2.0,0.0,1.0,0.0,0.33333,0.0,0.07464000000000004,0.0,0.66667,0.66667,0.0,1.19235,0.0,2.0,0.0,1.0,0.0,2.0,0.33333
1,0,2.0,1.0,2.0,1.0,1.5,1.5,1.75,1.0,1.91201,1.12094,1.89067,1.1421000000000001,1.8692199999999999,1.16228,1.75,1.25,1.75,1.5,1.75,1.0,2.0,0.75,1.5,1.5,1.73944,1.26388,1.75,1.25,1.69635,1.29074,1.67493,1.30293
1,0,2.0,1.05812,1.9452500000000001,1.07418,1.99952,1.13231,2.0,0.98089,1.9484599999999999,1.07033,1.95713,1.14644,1.94862,1.11224,1.90896,1.20119,1.96741,1.16265,1.99695,1.14258,1.90784,1.1641,1.9166699999999999,1.22431,1.88423,1.23571,1.88568,1.22511,1.7832400000000002,1.29576,1.83574,1.31166
1,0,1.98166,1.00874,1.98103,0.96182,1.97565,0.94301,1.95947,0.9302900000000001,1.99004,0.9549300000000001,1.94713,0.88898,1.93369,0.8721,1.94217,0.88417,1.7968199999999999,0.808,1.88274,0.82613,1.8625699999999998,0.81261,1.88487,0.80311,1.81813,0.78864,1.78546,0.76136,1.76911,0.76905,1.74323,0.76098
1,0,1.76296,0.92222,2.0,0.7037,2.0,0.14259,1.8,1.06111,1.45556,0.57222,2.0,0.87419,2.0,0.16481,1.4925899999999999,1.01852,1.82222,0.94074,1.9821499999999999,0.80062,2.0,1.22037,1.6963,0.73519,1.9214799999999999,0.75451,1.7888899999999999,1.02037,1.87492,0.72895,2.0,0.42962999999999996
1,0,1.0,1.0,1.0,1.0,1.0,1.0,0.0,2.0,1.0,1.0,2.0,1.37333,0.88,0.88,1.0,1.0,0.0,0.0,1.0,1.0,2.0,0.0,1.0,1.0,2.0,1.22667,1.0,1.0,1.0,1.0,1.0,1.0
0,0,2.0,2.0,1.0,1.0,1.0,1.0,0.0,0.0,1.0,1.0,1.0,1.0,0.0,0.0,0.0,0.0,0.0,2.0,0.0,2.0,1.0,1.0,1.0,1.0,2.0,0.0,0.0,2.0,0.0,2.0,0.0,2.0
1,0,1.95559,0.99845,1.86421,0.86756,1.9498199999999999,0.99539,1.82809,0.48829,1.92441,1.10368,2.0,0.85753,1.99264,0.97458,1.95853,0.84482,1.84013,1.6173899999999999,2.0,0.83679,1.87492,0.91505,1.85741,0.98336,1.84132,0.98231,1.8242699999999998,0.98133,1.80634,0.98043,1.78761,0.97961
1,0,1.01975,1.00705,1.0409,0.99154,1.02116,1.01128,1.01128,1.04372,1.00282,1.00141,1.01975,0.96897,0.98025,1.06065,0.9591,1.0268,0.97602,0.99577,1.04372,0.97461,1.01834,1.0,1.0,0.98731,1.01834,0.98872,1.00564,0.98449,0.98307,0.97602,1.00705,1.0
1,0,1.60678,0.97288,1.67119,1.04068,1.52881,0.95593,1.50508,1.03729,1.7050800000000002,0.92203,1.57966,0.97966,1.5322,1.07797,1.6406800000000001,1.11864,1.56949,0.97627,1.5322,1.00678,1.7152500000000002,0.9661,1.52881,0.9661,1.5726200000000001,1.0075,1.58644,0.99661,1.58983,0.97288,1.50169,1.0678
1,0,1.64947,0.92104,1.58264,0.8562,0.86871,0.78616,1.29796,1.04403,1.38096,0.73661,1.28931,0.68003,1.03459,0.81053,1.20269,0.7055899999999999,1.15196,0.70948,1.09513,0.68475,1.06556,0.73205,1.03004,0.74876,0.99954,0.7679,0.97388,0.78871,0.95283,0.8105,1.01336,0.72799
1,0,1.87772,0.91848,1.8342399999999999,1.07337,1.84783,1.04076,1.7717399999999999,0.97826,1.7717399999999999,0.94293,1.8233700000000002,0.89402,1.67935,0.99457,1.88043,0.79076,1.8342399999999999,1.03261,1.8641299999999998,0.9402200000000001,1.97283,0.72011,1.85054,0.8125,1.83705,0.89789,1.8587,0.96739,1.78533,0.8913,1.7907600000000001,0.99457
1,0,1.7444899999999999,0.9761,1.7077200000000001,1.03309,1.7224300000000001,1.16912,1.7922799999999999,1.07721,1.81434,1.43934,1.63787,1.00551,1.7077200000000001,1.21691,2.0,1.06066,1.61029,1.05147,1.67463,1.04228,1.5202200000000001,0.75,1.7297799999999999,0.8419099999999999,1.61727,1.07124,1.3088199999999999,1.0864,1.5591599999999999,1.07458,1.60294,1.21691
1,0,1.75564,1.49638,1.8355000000000001,1.54301,1.54916,1.7206299999999999,1.35225,1.70792,1.13469,1.9474900000000002,0.90182,1.93778,0.6239600000000001,1.82223,0.47258,1.7116099999999999,0.31642000000000003,1.6798899999999999,0.29837,1.24956,0.20853,1.02995,0.010120000000000018,0.7090099999999999,0.29647999999999997,0.67208,0.36688,0.80815,0.65869,0.39546000000000003,0.80391,0.37044
1,0,1.90374,0.98396,2.0,1.0802100000000001,2.0,1.01604,1.93048,1.00535,1.9358300000000002,0.98396,2.0,1.0,2.0,1.06417,2.0,1.04813,1.91444,1.04278,1.96791,1.02139,1.9893,0.98396,1.96257,1.05348,1.96974,1.04452,1.8770099999999998,1.0107,2.0,1.09091,1.97861,1.06417
1,0,1.0,1.0,1.98919,0.7729699999999999,1.18919,0.94595,1.0,1.0,1.93243,1.07297,2.0,0.8,2.0,1.07027,2.0,0.88649,1.0,1.0,2.0,0.7891900000000001,2.0,0.58378,1.0,1.0,2.0,0.8243199999999999,1.0,1.0,2.0,0.74054,1.28919,0.84324
1,0,1.6,1.03333,1.63333,1.06667,1.7,1.06667,1.7,1.0,1.63333,1.0,1.8,1.0,1.73333,1.0,1.7,1.1,1.6666699999999999,1.1,1.73333,0.96667,1.76667,1.0,1.63333,1.13333,1.6593200000000001,1.10168,1.6,1.13333,1.6,1.16667,1.63333,1.16667
1,0,1.74084,1.04974,1.79074,1.02543,1.78575,1.03793,1.6623,1.09948,1.67801,1.31152,1.75934,1.07348,1.74695,1.08442,1.70681,0.92147,1.63613,1.0,1.70021,1.11355,1.6818300000000002,1.12185,1.67016,1.15445,1.64158,1.13608,1.65707,1.17539,1.5975899999999998,1.14697,1.57455,1.15114
1,0,1.7272699999999999,0.95,1.89241,1.03462,2.0,1.7272699999999999,1.66364,0.94091,1.48182,0.83182,1.81809,1.09559,1.56818,2.0,1.50455,1.21818,1.66818,1.1,2.0,0.7,1.98636,0.0,1.57273,1.32727,1.56982,1.14673,1.42273,1.08182,1.4892699999999999,1.14643,2.0,2.0
1,0,1.8262399999999999,1.08156,1.79078,0.91844,1.9042599999999998,0.98227,1.92908,1.01064,1.80142,1.08865,1.9468100000000002,0.99291,1.94326,1.0,1.93262,1.20213,1.95035,0.99291,1.91489,1.00709,1.80496,1.07092,1.91135,1.15957,1.89527,1.08165,1.7766,1.06738,1.92553,1.18085,1.92553,1.0
0,0,2.0,2.0,2.0,0.0,2.0,2.0,2.0,2.0,2.0,2.0,2.0,0.0,2.0,2.0,2.0,0.0,2.0,0.0,2.0,2.0,2.0,2.0,2.0,0.0,2.0,2.0,2.0,2.0,2.0,2.0,2.0,2.0
1,0,2.0,0.07547000000000004,2.0,1.7547199999999998,1.49057,0.9434,1.62264,1.0,2.0,0.99946,1.45283,1.07547,1.62264,0.9434,1.98878,0.99915,1.5283,1.0,1.5283,1.07547,1.9519,0.99888,2.0,1.79245,1.92192,0.99872,1.9434,0.0,2.0,1.43396,1.43396,0.88679
1,0,1.8471,1.13533,1.73638,0.93849,1.87873,1.0826,1.8892799999999998,0.90861,1.78735,1.06678,1.80668,0.99649,1.7926199999999999,0.98946,1.85764,0.95431,1.8717000000000001,0.96485,1.8172199999999998,0.9051,1.71002,1.04394,1.86467,0.84886,1.81147,0.95178,1.78207,0.99297,1.75747,0.9332199999999999,1.85764,0.93849
1,0,2.0,0.99388,2.0,0.90166,2.0,0.92351,2.0,0.89395,2.0,0.88927,2.0,0.60511,2.0,0.84384,1.92124,0.68116,1.86473,0.65466,1.91693,0.55928,1.9606,0.5313399999999999,1.81874,0.5962799999999999,1.82681,0.57769,1.7578399999999998,0.6176900000000001,1.8044799999999999,0.59425,1.7435399999999999,0.5496099999999999
0,0,0.0,2.0,0.0,0.0,1.0,1.0,0.0,2.0,2.0,0.0,0.0,0.0,0.0,2.0,1.0,1.0,0.0,0.0,0.0,2.0,1.0,1.0,2.0,0.0,2.0,2.0,2.0,0.0,2.0,2.0,1.0,1.0
0,0,2.0,0.0,2.0,2.0,0.0,0.0,2.0,0.0,1.0,1.0,1.0,1.0,0.0,2.0,2.0,0.0,2.0,0.0,0.25,2.0,2.0,0.0,2.0,0.0,2.0,0.0,0.0,0.0,1.0,1.0,2.0,0.0
1,0,1.0,1.0,1.0,1.0,1.0,1.0,1.0,1.0,1.62195,2.0,1.0,1.0,1.0,1.0,1.36585,0.28049,1.56098,0.0,1.0,1.0,1.0,1.0,1.0,1.0,2.0,1.10976,1.0,1.0,1.0,1.0,1.0,1.0
1,0,2.0,1.08013,1.96775,0.99518,1.9668299999999999,0.99278,1.8798,0.96077,2.0,1.01419,1.9618600000000002,0.98564,1.95947,0.98329,1.9849700000000001,1.01002,1.9115199999999999,0.91152,1.95016,0.97636,1.9463599999999999,0.97409,1.98164,1.02003,1.93772,0.96966,2.0,0.94157,1.92774,0.96536,1.92226,0.96327
1,0,1.9470100000000001,0.99966,1.93207,0.96773,1.95177,0.96569,1.95584,1.02446,1.94124,1.01766,1.92595,1.04688,1.93954,0.98539,1.9483700000000002,1.02004,1.93784,1.01393,1.91406,1.07677,1.8947,1.06148,1.93988,1.03193,1.92489,1.02542,1.9212,1.02242,1.92459,1.00442,1.9269699999999998,0.99423
0,0,1.0,1.0,1.0,1.0,1.0,1.0,1.0,1.0,1.0,1.0,1.0,1.0,1.0,1.0,1.0,1.0,1.0,1.0,1.0,1.0,1.0,1.0,1.0,1.0,2.0,0.0,1.0,1.0,1.0,1.0,1.0,1.0
